run,id,entry_0.3s,collision_0.3s,side_f1,evasion_f1,score,entry_norm_p50,entry_norm_p90,collision_norm_p50,collision_norm_p90,params,wall_s
B0_pooled_baseline,B0-pooled-baseline,0.22,0.14,0.7971,0.6999,0.3505,0.0693,0.2823,0.1131,0.235,481381,95.2
E1_dense,E1-dense-event-head,0.28,0.62,0.8599,0.7399,0.555,0.1005,0.4238,0.0176,0.1252,444518,109.6
E2a_dilated,E2a-dilated-conv,0.24,0.62,0.8798,0.7399,0.544,0.094,0.4271,0.0131,0.1342,813542,112.6
E2b_maxer,E2b-temporal-maxer,0.4,0.66,0.8599,0.5942,0.5891,0.0493,0.3671,0.0144,0.0888,666086,111.1
E2c_attention,E2c-local-attention,0.48,0.82,0.7792,0.6427,0.6683,0.0372,0.2339,0.0067,0.0403,1038566,119.2
E3_multirate,E3-multi-rate-diff,0.38,0.64,0.9,0.6124,0.5839,0.0401,0.2673,0.0185,0.133,1407974,125.6
E4_soft,E4-soft-targets,0.38,0.76,0.8798,0.6353,0.6263,0.045,0.2265,0.0117,0.0911,1407974,130.1
E5_state_aux,E5-state-aux,0.4,0.7,0.7778,0.5785,0.5884,0.0408,0.1767,0.0134,0.0962,1409132,117.2
E6_augmentation,E6-sampling-augmentation,0.42,0.74,0.839,0.5758,0.6182,0.0408,0.1837,0.0117,0.0939,1407974,121.2
E7_consistency,E7-temporal-consistency,0.42,0.74,0.8599,0.694,0.6391,0.0336,0.2265,0.0134,0.1083,1407974,160.7
E8_event_conditioned,E8-event-conditioned,0.42,0.8,0.8199,0.6186,0.6428,0.0408,0.2449,0.0124,0.0757,1617061,165.9
