sample_id,source,native_fps_for_diagnostics_only,entry_pattern,entry_native_hit,entry_rate_predictions_span_seconds,entry_error_seconds_k1,entry_error_seconds_k2,entry_error_seconds_k3,entry_crop_error_seconds,entry_native_miss_crop_hit,collision_pattern,collision_native_hit,collision_rate_predictions_span_seconds,collision_error_seconds_k1,collision_error_seconds_k2,collision_error_seconds_k3,collision_crop_error_seconds,collision_native_miss_crop_hit
aihub_bb_1_000606_vehicle_142_131,AIHUB,15.0,all_miss,False,0.13333333333333375,6.0,5.933333333333334,5.866666666666666,4.133333333333334,False,all_miss,False,0.13333333333333286,5.266666666666667,5.2,5.133333333333334,3.4,False
aihub_bb_1_070110_vehicle_46_380,AIHUB,15.0,all_miss,False,0.0,-0.3333333333333333,-0.3333333333333333,-0.3333333333333333,-0.4,False,all_hit,True,0.06666666666666667,0.0,0.0,-0.06666666666666667,0.0,False
aihub_bb_1_100826_vehicle_233_35549,AIHUB,15.0,all_miss,False,0.40000000000000013,1.6666666666666667,1.4,1.2666666666666666,1.6,False,all_hit,True,0.13333333333333333,-0.06666666666666667,-0.06666666666666667,0.06666666666666667,-0.06666666666666667,False
aihub_bb_1_110129_vehicle_211_28584,AIHUB,15.0,rate_sensitive,False,0.5333333333333333,0.4666666666666667,0.4666666666666667,-0.06666666666666667,0.4666666666666667,False,rate_sensitive,True,0.2,-0.2,-0.26666666666666666,-0.4,-0.3333333333333333,False
aihub_bb_1_111027_vehicle_149_132,AIHUB,15.0,rate_sensitive,True,1.1333333333333333,-0.13333333333333333,-0.3333333333333333,-1.2666666666666666,-0.06666666666666667,False,all_hit,True,0.2,0.0,0.0,-0.2,0.0,False
aihub_bb_1_120524_vehicle_157_002,AIHUB,15.0,rate_sensitive,False,0.06666666666666665,-0.3333333333333333,-0.26666666666666666,-0.26666666666666666,-0.4666666666666667,False,rate_sensitive,True,1.0,0.0,-0.26666666666666666,-1.0,-1.3333333333333333,False
aihub_bb_1_130207_vehicle_108_085,AIHUB,15.0,rate_sensitive,False,0.4666666666666667,0.4,0.3333333333333333,-0.06666666666666667,0.3333333333333333,False,rate_sensitive,False,0.8666666666666667,1.0,0.13333333333333333,0.2,0.06666666666666667,True
aihub_bb_1_130420_vehicle_194_070,AIHUB,15.0,rate_sensitive,False,1.4,1.1333333333333333,-0.13333333333333333,-0.26666666666666666,1.1333333333333333,False,all_hit,True,0.13333333333333333,0.0,-0.06666666666666667,0.06666666666666667,0.0,False
aihub_bb_1_141102_vehicle_126_317,AIHUB,15.0,rate_sensitive,False,5.133333333333334,4.933333333333334,4.866666666666666,-0.2,2.8,False,rate_sensitive,False,3.533333333333333,3.6666666666666665,3.6,0.13333333333333333,1.5333333333333334,False
aihub_bb_1_150124_vehicle_45_229,AIHUB,15.0,rate_sensitive,True,4.733333333333333,0.06666666666666667,-0.06666666666666667,4.666666666666667,1.6666666666666667,False,rate_sensitive,True,5.4,0.2,-0.4,5.0,0.4,False
aihub_bb_1_150221_vehicle_187_026,AIHUB,15.0,all_hit,True,0.06666666666666667,0.06666666666666667,0.13333333333333333,0.06666666666666667,0.8666666666666667,False,all_hit,True,0.13333333333333333,-0.13333333333333333,-0.13333333333333333,0.0,-0.13333333333333333,False
aihub_bb_1_150304_vehicle_27_098,AIHUB,15.0,rate_sensitive,True,0.9333333333333333,0.26666666666666666,-0.3333333333333333,-0.6666666666666666,0.2,False,all_hit,True,0.13333333333333333,0.0,-0.06666666666666667,-0.13333333333333333,-0.06666666666666667,False
aihub_bb_1_150730_vehicle_123_199,AIHUB,15.0,all_miss,False,0.5333333333333333,-0.4,-0.5333333333333333,-0.9333333333333333,-0.4666666666666667,False,all_hit,True,0.0,-0.13333333333333333,-0.13333333333333333,-0.13333333333333333,0.13333333333333333,False
aihub_bb_1_160716_vehicle_247_51894,AIHUB,15.0,rate_sensitive,False,0.6000000000000001,0.4,-0.06666666666666667,-0.2,-0.06666666666666667,True,all_hit,True,0.2,0.0,0.0,0.2,-0.13333333333333333,False
aihub_bb_1_160820_vehicle_112_285,AIHUB,15.0,rate_sensitive,True,0.8666666666666667,0.06666666666666667,-0.13333333333333333,-0.8,0.0,False,all_hit,True,0.13333333333333333,-0.13333333333333333,-0.06666666666666667,0.0,-0.13333333333333333,False
aihub_bb_1_160928_vehicle_47_158,AIHUB,15.0,rate_sensitive,True,1.1333333333333333,0.2,-0.9333333333333333,-0.8,0.26666666666666666,False,all_hit,True,0.13333333333333333,-0.06666666666666667,0.0,0.06666666666666667,0.0,False
aihub_bb_1_161016_vehicle_45_203,AIHUB,15.0,rate_sensitive,False,1.0666666666666667,0.6,-0.2,-0.4666666666666667,0.3333333333333333,False,rate_sensitive,True,0.5333333333333333,-0.06666666666666667,-0.6,-0.4,0.0,False
aihub_bb_1_161221_vehicle_119_068,AIHUB,15.0,rate_sensitive,False,1.4,1.2,-0.13333333333333333,-0.2,1.1333333333333333,False,rate_sensitive,True,0.4666666666666667,-0.13333333333333333,-0.4,0.06666666666666667,-0.4666666666666667,False
aihub_bb_1_170124_vehicle_212_54681,AIHUB,15.0,rate_sensitive,True,0.4,-0.13333333333333333,-0.06666666666666667,-0.4666666666666667,-0.13333333333333333,False,all_hit,True,0.3333333333333333,0.06666666666666667,-0.2,-0.26666666666666666,0.0,False
aihub_bb_1_170423_vehicle_252_53585,AIHUB,15.0,rate_sensitive,True,1.0666666666666667,0.06666666666666667,-0.4,-1.0,-0.26666666666666666,False,rate_sensitive,True,0.4,0.0,-0.3333333333333333,-0.4,-0.26666666666666666,False
aihub_bb_1_170619_vehicle_111_058,AIHUB,15.0,rate_sensitive,False,0.4,0.5333333333333333,0.4,0.13333333333333333,0.3333333333333333,False,all_hit,True,0.13333333333333333,0.0,-0.06666666666666667,-0.13333333333333333,-0.13333333333333333,False
aihub_bb_1_171111_vehicle_149_034,AIHUB,15.0,rate_sensitive,True,0.6,-0.13333333333333333,-0.13333333333333333,0.4666666666666667,1.3333333333333333,False,all_hit,True,0.06666666666666667,0.0,0.0,-0.06666666666666667,0.0,False
aihub_bb_1_180325_vehicle_210_46122,AIHUB,15.0,all_hit,True,0.4,-0.26666666666666666,-0.26666666666666666,0.13333333333333333,1.1333333333333333,False,all_hit,True,0.06666666666666667,0.13333333333333333,0.13333333333333333,0.06666666666666667,0.06666666666666667,False
aihub_bb_1_180505_vehicle_110_161,AIHUB,15.0,rate_sensitive,False,0.6666666666666666,0.6666666666666666,0.3333333333333333,0.0,0.4,False,all_hit,True,0.13333333333333333,0.06666666666666667,0.0,-0.06666666666666667,0.0,False
aihub_bb_1_180827_vehicle_126_097,AIHUB,15.0,rate_sensitive,True,0.8666666666666667,-0.26666666666666666,-0.3333333333333333,-1.1333333333333333,-0.26666666666666666,False,rate_sensitive,True,0.33333333333333337,-0.06666666666666667,-0.13333333333333333,-0.4,-0.2,False
aihub_bb_1_180925_vehicle_229_53797,AIHUB,15.0,all_hit,True,0.06666666666666665,0.2,0.26666666666666666,0.2,0.26666666666666666,False,all_hit,True,0.26666666666666666,0.13333333333333333,0.0,0.26666666666666666,0.0,False
aihub_bb_1_180928_vehicle_246_51527,AIHUB,15.0,rate_sensitive,False,0.6666666666666667,0.4666666666666667,0.2,-0.2,0.4,False,all_hit,True,0.06666666666666667,0.06666666666666667,0.06666666666666667,0.0,0.0,False
aihub_bb_1_181004_vehicle_192_029,AIHUB,15.0,all_miss,False,1.8666666666666667,0.8666666666666667,-0.9333333333333333,-1.0,-0.9333333333333333,False,rate_sensitive,True,1.0,0.2,-0.2,-0.8,0.06666666666666667,False
aihub_bb_1_181103_vehicle_240_27006,AIHUB,15.0,all_miss,False,2.0,3.2666666666666666,2.533333333333333,1.2666666666666666,3.2,False,all_miss,False,0.13333333333333341,0.8666666666666667,0.8,0.7333333333333333,0.5333333333333333,False
aihub_bb_1_190123_vehicle_142_013,AIHUB,15.0,all_hit,True,0.13333333333333333,0.0,-0.13333333333333333,-0.13333333333333333,0.0,False,all_hit,True,0.06666666666666667,-0.13333333333333333,-0.06666666666666667,-0.13333333333333333,-0.2,False
aihub_bb_1_190216_vehicle_123_306,AIHUB,15.0,rate_sensitive,True,0.5333333333333333,0.06666666666666667,-0.13333333333333333,-0.4666666666666667,0.0,False,all_miss,False,2.6,-0.5333333333333333,-0.8,1.8,-0.6,False
aihub_bb_1_190227_vehicle_126_194,AIHUB,15.0,rate_sensitive,True,0.2,-0.26666666666666666,-0.3333333333333333,-0.4666666666666667,-0.26666666666666666,False,rate_sensitive,True,0.1333333333333333,-0.26666666666666666,-0.2,-0.3333333333333333,-1.2666666666666666,False
aihub_bb_1_191102_vehicle_38_083,AIHUB,15.0,all_miss,False,6.6,-0.3333333333333333,-0.8666666666666667,5.733333333333333,-0.3333333333333333,False,all_miss,False,5.533333333333333,-0.3333333333333333,-0.6,4.933333333333334,-0.4666666666666667,False
aihub_bb_1_191112_vehicle_125_056,AIHUB,15.0,all_hit,True,0.13333333333333336,-0.06666666666666667,-0.2,-0.13333333333333333,-0.06666666666666667,False,rate_sensitive,False,0.7333333333333334,0.8,0.06666666666666667,0.13333333333333333,0.8,False
aihub_bb_1_200127_vehicle_157_031,AIHUB,15.0,rate_sensitive,False,0.33333333333333337,0.4,0.13333333333333333,0.06666666666666667,0.13333333333333333,True,all_hit,True,0.13333333333333333,0.0,-0.06666666666666667,0.06666666666666667,-0.06666666666666667,False
aihub_bb_1_200207_vehicle_114_059,AIHUB,15.0,all_hit,True,0.13333333333333336,0.2,0.2,0.06666666666666667,0.2,False,all_hit,True,0.13333333333333333,0.0,0.06666666666666667,-0.06666666666666667,-0.13333333333333333,False
aihub_bb_1_200303_vehicle_311_091,AIHUB,15.0,rate_sensitive,True,1.0666666666666667,-0.06666666666666667,-0.13333333333333333,-1.1333333333333333,-0.06666666666666667,False,all_hit,True,0.13333333333333333,0.0,0.13333333333333333,0.06666666666666667,0.0,False
aihub_bb_1_200401_vehicle_195_003,AIHUB,15.0,rate_sensitive,True,0.4,0.0,-0.13333333333333333,-0.4,0.0,False,rate_sensitive,False,0.06666666666666665,-0.3333333333333333,-0.26666666666666666,-0.3333333333333333,-0.4,False
aihub_bb_1_200421_vehicle_116_257,AIHUB,15.0,all_miss,False,0.9333333333333332,1.4,0.7333333333333333,0.4666666666666667,1.2666666666666666,False,all_hit,True,0.06666666666666667,0.06666666666666667,0.13333333333333333,0.13333333333333333,0.06666666666666667,False
aihub_bb_1_200427_vehicle_258_45117,AIHUB,15.0,rate_sensitive,True,0.26666666666666666,-0.06666666666666667,-0.26666666666666666,-0.3333333333333333,-0.2,False,all_hit,True,0.06666666666666667,0.0,0.06666666666666667,0.0,0.0,False
aihub_bb_1_200520_vehicle_213_22252,AIHUB,15.0,all_hit,True,0.4,0.2,-0.2,-0.06666666666666667,0.4666666666666667,False,all_hit,True,0.13333333333333333,-0.2,-0.26666666666666666,-0.13333333333333333,-0.2,False
aihub_bb_1_200626_vehicle_130_265,AIHUB,15.0,rate_sensitive,False,0.7333333333333333,0.6666666666666666,0.5333333333333333,-0.06666666666666667,0.4666666666666667,False,all_miss,False,0.13333333333333341,-0.8,-0.7333333333333333,-0.8666666666666667,-0.8,False
aihub_bb_1_200731_vehicle_259_28258,AIHUB,15.0,rate_sensitive,True,0.5333333333333333,-0.06666666666666667,-0.2,-0.6,-0.13333333333333333,False,all_hit,True,0.06666666666666667,-0.13333333333333333,-0.06666666666666667,-0.13333333333333333,-0.3333333333333333,False
aihub_bb_1_201024_vehicle_149_092,AIHUB,15.0,rate_sensitive,True,0.3333333333333333,0.0,-0.3333333333333333,-0.3333333333333333,0.06666666666666667,False,all_hit,True,0.26666666666666666,0.06666666666666667,-0.2,-0.2,0.06666666666666667,False
aihub_bb_1_201116_vehicle_199_036,AIHUB,15.0,rate_sensitive,False,0.4666666666666667,0.4,-0.06666666666666667,0.0,0.4,False,rate_sensitive,True,0.4666666666666667,-0.13333333333333333,-0.5333333333333333,-0.6,-0.3333333333333333,False
aihub_bb_1_210402_vehicle_46_338,AIHUB,15.0,rate_sensitive,False,0.13333333333333336,0.4,0.4,0.26666666666666666,0.4,False,all_hit,True,0.26666666666666666,0.0,-0.13333333333333333,-0.26666666666666666,0.0,False
aihub_bb_1_210621_vehicle_245_21554,AIHUB,15.0,all_hit,True,0.4,0.26666666666666666,0.13333333333333333,-0.13333333333333333,0.26666666666666666,False,all_hit,True,0.13333333333333333,0.06666666666666667,-0.06666666666666667,-0.06666666666666667,-0.06666666666666667,False
aihub_bb_1_210729_vehicle_44_252,AIHUB,15.0,rate_sensitive,False,1.0,1.1333333333333333,0.4666666666666667,0.13333333333333333,1.0,False,all_hit,True,0.2,-0.06666666666666667,-0.2,0.0,-0.2,False
aihub_bb_1_210818_vehicle_315_043,AIHUB,15.0,rate_sensitive,False,0.6,0.5333333333333333,0.0,-0.06666666666666667,0.26666666666666666,True,all_miss,False,0.5333333333333334,-1.8,-1.4,-1.2666666666666666,-1.8666666666666667,False
aihub_bb_1_210821_vehicle_127_036,AIHUB,15.0,all_miss,False,1.4,0.7333333333333333,0.4666666666666667,-0.6666666666666666,0.5333333333333333,False,all_hit,True,0.06666666666666667,0.0,0.06666666666666667,0.06666666666666667,0.0,False
aihub_bb_1_210822_vehicle_204_45267,AIHUB,15.0,rate_sensitive,False,0.6000000000000001,0.8666666666666667,0.6,0.26666666666666666,0.8666666666666667,False,all_hit,True,0.13333333333333333,-0.06666666666666667,0.0,-0.13333333333333333,-0.13333333333333333,False
aihub_bb_1_210929_vehicle_127_178,AIHUB,15.0,all_miss,False,0.06666666666666665,-0.4,-0.4666666666666667,-0.4,-0.26666666666666666,True,all_hit,True,0.0,0.0,0.0,0.0,-0.13333333333333333,False
aihub_bb_1_211026_vehicle_144_301,AIHUB,15.0,rate_sensitive,True,6.8,0.26666666666666666,7.066666666666666,7.0,-0.26666666666666666,False,rate_sensitive,True,5.2,-0.06666666666666667,5.133333333333334,5.066666666666666,0.4666666666666667,False
aihub_bb_1_211030_vehicle_208_55965,AIHUB,15.0,rate_sensitive,False,0.7333333333333334,0.9333333333333333,0.2,0.3333333333333333,1.0,False,all_hit,True,0.13333333333333333,-0.13333333333333333,-0.13333333333333333,0.0,-0.13333333333333333,False
aihub_bb_1_220214_vehicle_44_214,AIHUB,15.0,rate_sensitive,True,2.6,0.0,0.0,-2.6,0.0,False,all_miss,False,3.1333333333333333,-0.9333333333333333,-0.8666666666666667,-4.0,-1.0,False
aihub_bb_1_220504_vehicle_130_188,AIHUB,15.0,all_miss,False,0.06666666666666665,-0.4,-0.4,-0.4666666666666667,1.0,False,all_hit,True,0.26666666666666666,0.0,-0.26666666666666666,-0.2,-0.06666666666666667,False
aihub_bb_1_220506_vehicle_193_201,AIHUB,15.0,rate_sensitive,False,1.4666666666666666,1.4666666666666666,0.0,0.0,1.4,False,all_miss,False,0.2666666666666666,0.6666666666666666,0.4666666666666667,0.4,0.4666666666666667,False
aihub_bb_1_220521_vehicle_143_027,AIHUB,15.0,rate_sensitive,False,0.26666666666666666,0.5333333333333333,0.3333333333333333,0.26666666666666666,0.6666666666666666,False,rate_sensitive,False,0.26666666666666666,0.4,0.4666666666666667,0.2,0.4,False
causalcrash_wHGX-QJqb4I,CAUSALCRASH,23.976023976023978,rate_sensitive,False,32.073708333333336,32.19883333333333,0.125125,0.25025,0.33366666666666667,False,all_miss,False,31.781750000000002,32.449083333333334,32.32395833333333,0.6673333333333333,0.04170833333333333,True
ccd_000001,CCD,10.0,rate_sensitive,True,1.3,0.2,0.1,-1.1,0.2,False,rate_sensitive,True,0.6,0.0,-0.1,-0.6,0.0,False
ccd_000003,CCD,10.0,all_miss,False,0.20000000000000007,0.8,0.6,0.6,0.9,False,rate_sensitive,True,0.4,-0.1,-0.2,-0.5,-0.1,False
ccd_000005,CCD,10.0,rate_sensitive,False,0.8,0.4,0.3,1.1,0.4,False,rate_sensitive,True,0.7,-0.2,0.1,0.5,0.1,False
ccd_000016,CCD,10.0,rate_sensitive,True,0.30000000000000004,-0.1,-0.2,-0.4,0.0,False,all_hit,True,0.0,0.0,0.0,0.0,0.0,False
ccd_000018,CCD,10.0,rate_sensitive,True,0.30000000000000004,-0.1,-0.2,-0.4,0.0,False,all_hit,True,0.19999999999999998,0.1,0.2,0.3,0.1,False
ccd_000027,CCD,10.0,all_hit,True,0.30000000000000004,0.1,-0.2,-0.1,0.1,False,all_hit,True,0.19999999999999998,-0.1,-0.3,-0.2,-0.2,False
ccd_000028,CCD,10.0,rate_sensitive,True,0.2,-0.2,-0.4,-0.4,0.1,False,all_hit,True,0.1,0.0,0.0,0.1,-0.1,False
ccd_000039,CCD,10.0,all_miss,False,0.5,1.5,1.4,1.0,1.5,False,rate_sensitive,True,0.30000000000000004,-0.1,-0.1,-0.4,0.0,False
ccd_000053,CCD,10.0,rate_sensitive,True,0.3,-0.3,-0.4,-0.6,-0.1,False,all_hit,True,0.1,-0.1,-0.2,-0.1,-0.2,False
ccd_000061,CCD,10.0,all_hit,True,0.4,0.3,0.1,-0.1,0.3,False,all_hit,True,0.19999999999999998,-0.2,-0.1,-0.3,-0.3,False
ccd_000062,CCD,10.0,all_miss,False,0.7,-0.5,-0.6,-1.2,0.0,True,rate_sensitive,False,0.2,-0.4,-0.3,-0.2,-0.5,False
ccd_000116,CCD,10.0,all_hit,True,0.1,0.2,0.1,0.1,0.4,False,all_hit,True,0.2,0.0,0.1,-0.1,0.0,False
ccd_000136,CCD,10.0,all_miss,False,0.10000000000000009,4.0,3.9,3.9,1.6,False,all_miss,False,0.09999999999999987,1.2,1.1,1.1,0.0,True
ccd_000150,CCD,10.0,rate_sensitive,True,1.3,0.0,-1.3,-0.7,0.2,False,all_miss,False,0.20000000000000007,-0.9,-0.9,-1.1,0.1,True
ccd_000176,CCD,10.0,rate_sensitive,False,0.8,0.6,0.2,-0.2,0.6,False,all_hit,True,0.1,-0.2,-0.1,-0.1,0.0,False
ccd_000178,CCD,10.0,all_miss,False,0.09999999999999998,0.5,0.4,0.4,0.6,False,all_hit,True,0.1,-0.1,-0.2,-0.1,0.0,False
ccd_000195,CCD,10.0,all_hit,True,0.09999999999999998,-0.2,-0.3,-0.3,-0.1,False,all_hit,True,0.1,-0.1,-0.2,-0.1,0.0,False
ccd_000237,CCD,10.0,rate_sensitive,True,0.8,0.2,0.2,-0.6,0.5,False,all_miss,False,0.09999999999999998,0.5,0.4,0.4,0.1,True
ccd_000246,CCD,10.0,rate_sensitive,True,0.5,0.0,-0.4,-0.5,0.2,False,all_hit,True,0.1,0.1,0.0,0.0,0.0,False
ccd_000318,CCD,10.0,rate_sensitive,True,0.39999999999999997,-0.2,-0.6,-0.6,-0.1,False,all_hit,True,0.1,-0.2,-0.1,-0.1,-0.2,False
ccd_000334,CCD,10.0,all_hit,True,0.5,0.3,-0.2,0.0,0.5,False,all_hit,True,0.2,-0.1,0.0,-0.2,-0.1,False
ccd_000339,CCD,10.0,all_hit,True,0.09999999999999998,-0.2,-0.3,-0.3,0.1,False,all_hit,True,0.0,-0.1,-0.1,-0.1,-0.1,False
ccd_000405,CCD,10.0,rate_sensitive,True,0.6,0.0,0.0,-0.6,0.3,False,all_hit,True,0.2,0.0,0.0,0.2,0.0,False
ccd_000413,CCD,10.0,rate_sensitive,True,0.4,-0.1,-0.5,-0.1,0.1,False,all_hit,True,0.2,0.0,-0.2,0.0,0.0,False
ccd_000430,CCD,10.0,rate_sensitive,True,0.6,0.0,-0.1,-0.6,0.2,False,all_hit,True,0.1,0.1,0.0,0.0,0.0,False
ccd_000433,CCD,10.0,all_miss,False,0.7999999999999999,1.2,0.8,0.4,1.0,False,rate_sensitive,False,1.2999999999999998,1.4,0.1,0.1,0.7,False
ccd_000434,CCD,10.0,all_miss,False,0.6000000000000001,-0.7,-0.9,-1.3,-0.4,False,rate_sensitive,True,0.3,-0.2,-0.5,-0.3,-0.2,False
ccd_000443,CCD,10.0,all_hit,True,0.1,0.1,0.0,0.0,0.1,False,all_hit,True,0.0,0.0,0.0,0.0,0.0,False
ccd_000471,CCD,10.0,rate_sensitive,True,0.9,-0.1,-1.0,-0.6,0.1,False,rate_sensitive,True,0.4,0.0,-0.2,-0.4,-0.1,False
ccd_000475,CCD,10.0,all_miss,False,0.30000000000000004,0.9,0.8,0.6,0.9,False,all_hit,True,0.0,0.0,0.0,0.0,-0.1,False
ccd_000517,CCD,10.0,all_hit,True,0.09999999999999998,0.3,0.2,0.2,0.5,False,rate_sensitive,True,0.4,0.0,0.0,0.4,0.0,False
ccd_000535,CCD,10.0,rate_sensitive,True,0.5,0.0,-0.5,-0.5,0.1,False,rate_sensitive,True,0.10000000000000003,-0.3,-0.4,-0.4,-0.4,False
ccd_000562,CCD,10.0,rate_sensitive,True,0.2,0.3,0.2,0.4,0.3,False,all_hit,True,0.3,0.0,-0.3,-0.1,0.0,False
ccd_000563,CCD,10.0,all_hit,True,0.4,0.2,0.0,-0.2,0.3,False,all_hit,True,0.30000000000000004,0.1,-0.2,0.0,0.1,False
ccd_000584,CCD,10.0,rate_sensitive,True,0.6000000000000001,-0.2,-0.8,-0.4,-0.1,False,all_hit,True,0.1,-0.1,-0.1,-0.2,-0.1,False
ccd_000586,CCD,10.0,rate_sensitive,True,0.8999999999999999,0.2,0.3,-0.6,0.1,False,all_miss,False,0.09999999999999998,-0.5,-0.6,-0.5,0.0,True
ccd_000595,CCD,10.0,rate_sensitive,True,0.8,0.2,0.2,-0.6,0.3,False,all_hit,True,0.09999999999999998,0.3,0.2,0.2,0.1,False
ccd_000638,CCD,10.0,all_hit,True,0.19999999999999998,0.3,0.1,0.1,0.4,False,all_hit,True,0.1,0.0,-0.1,-0.1,0.0,False
ccd_000641,CCD,10.0,rate_sensitive,True,1.0999999999999999,-0.3,-0.6,-1.4,-0.2,False,all_hit,True,0.1,0.0,0.1,0.1,0.1,False
ccd_000664,CCD,10.0,all_miss,False,0.5,0.9,0.4,0.4,0.9,False,all_hit,True,0.2,-0.1,-0.2,0.0,-0.1,False
ccd_000681,CCD,10.0,rate_sensitive,True,0.9,0.0,-0.8,-0.9,0.1,False,all_hit,True,0.2,0.0,-0.2,0.0,0.0,False
ccd_000733,CCD,10.0,all_miss,False,0.19999999999999996,-0.4,-0.5,-0.6,0.0,True,rate_sensitive,True,0.2,-0.2,-0.2,-0.4,-0.3,False
ccd_000734,CCD,10.0,all_hit,True,0.2,0.2,0.1,0.0,0.8,False,rate_sensitive,True,0.3,-0.2,-0.3,-0.5,-0.4,False
ccd_000744,CCD,10.0,all_hit,True,0.5,0.3,0.2,-0.2,0.5,False,all_miss,False,0.4,-0.4,-0.4,-0.8,-0.5,False
ccd_000840,CCD,10.0,all_miss,False,0.7999999999999999,-0.4,-0.4,-1.2,-0.1,True,all_hit,True,0.2,0.0,-0.1,0.1,0.0,False
ccd_000853,CCD,10.0,rate_sensitive,True,0.2,-0.2,-0.2,-0.4,0.0,False,all_hit,True,0.2,0.0,0.0,-0.2,0.0,False
ccd_000854,CCD,10.0,all_miss,False,0.29999999999999993,0.7,0.4,0.4,1.4,False,all_hit,True,0.2,0.2,0.0,0.0,0.2,False
ccd_000923,CCD,10.0,all_hit,True,0.1,-0.1,-0.1,-0.2,-0.2,False,all_hit,True,0.1,0.1,0.1,0.2,0.0,False
ccd_000926,CCD,10.0,all_hit,True,0.0,0.1,0.1,0.1,0.0,False,all_hit,True,0.0,-0.1,-0.1,-0.1,-0.1,False
ccd_000978,CCD,10.0,all_hit,True,0.5,0.2,-0.1,-0.3,0.3,False,rate_sensitive,False,0.2,-0.4,-0.3,-0.5,-0.5,False
ccd_000982,CCD,10.0,rate_sensitive,True,0.6,0.0,-0.6,0.0,0.0,False,rate_sensitive,True,0.39999999999999997,-0.2,-0.4,-0.6,-0.2,False
ccd_001007,CCD,10.0,all_hit,True,0.30000000000000004,0.2,-0.1,-0.1,0.2,False,all_hit,True,0.2,0.1,0.0,-0.1,-0.1,False
ccd_001008,CCD,10.0,rate_sensitive,True,0.8,-0.3,-1.1,-1.1,-0.4,False,all_hit,True,0.1,0.0,0.0,-0.1,-0.1,False
ccd_001011,CCD,10.0,rate_sensitive,True,0.8999999999999999,-0.3,-0.6,-1.2,-0.3,False,all_hit,True,0.1,0.0,-0.1,-0.1,0.0,False
ccd_001050,CCD,10.0,all_miss,False,0.29999999999999993,-0.4,-0.7,-0.7,-0.3,True,rate_sensitive,True,0.4,0.0,-0.2,-0.4,0.0,False
ccd_001068,CCD,10.0,rate_sensitive,True,1.2,-0.3,-0.7,-1.5,-0.1,False,all_hit,True,0.2,0.0,-0.2,-0.1,0.0,False
ccd_001121,CCD,10.0,all_miss,False,0.0,-0.5,-0.5,-0.5,0.2,True,rate_sensitive,True,0.39999999999999997,-0.2,-0.4,-0.6,-0.3,False
ccd_001146,CCD,10.0,rate_sensitive,True,1.0,0.2,0.0,-0.8,0.3,False,all_hit,True,0.0,0.1,0.1,0.1,0.1,False
ccd_001171,CCD,10.0,all_miss,False,0.4,-0.6,-1.0,-0.6,0.0,True,all_hit,True,0.2,-0.2,-0.2,0.0,-0.1,False
ccd_001181,CCD,10.0,rate_sensitive,True,1.0,0.0,-0.2,-1.0,0.0,False,all_hit,True,0.0,0.0,0.0,0.0,0.0,False
ccd_001182,CCD,10.0,rate_sensitive,True,0.10000000000000003,-0.3,-0.4,-0.4,0.0,False,all_hit,True,0.1,-0.2,-0.2,-0.1,-0.2,False
ccd_001188,CCD,10.0,all_hit,True,0.3,0.0,-0.1,-0.3,0.8,False,all_hit,True,0.1,0.2,0.1,0.1,0.0,False
ccd_001192,CCD,10.0,all_miss,False,0.29999999999999993,-0.4,-0.7,-0.5,-0.1,True,all_hit,True,0.0,-0.1,-0.1,-0.1,-0.1,False
ccd_001248,CCD,10.0,all_hit,True,0.0,-0.2,-0.2,-0.2,0.2,False,all_miss,False,0.10000000000000009,-0.7,-0.8,-0.7,-0.7,False
ccd_001298,CCD,10.0,all_miss,False,0.5000000000000001,-0.6,-0.9,-1.1,-0.3,True,rate_sensitive,True,0.5,-0.1,-0.2,-0.6,-0.3,False
ccd_001332,CCD,10.0,rate_sensitive,True,2.4,0.3,0.4,-2.0,0.0,False,all_hit,True,0.30000000000000004,-0.2,-0.2,0.1,-0.2,False
ccd_001362,CCD,10.0,rate_sensitive,True,0.5,-0.1,-0.2,-0.6,0.0,False,all_hit,True,0.2,0.0,0.0,-0.2,-0.1,False
ccd_001405,CCD,10.0,rate_sensitive,True,1.0999999999999999,-0.1,-1.2,-0.9,-0.1,False,all_hit,True,0.09999999999999998,-0.2,-0.2,-0.3,-0.3,False
ccd_001424,CCD,10.0,rate_sensitive,True,0.2,-0.2,-0.3,-0.4,-0.2,False,rate_sensitive,True,0.4,-0.1,-0.4,0.0,-0.1,False
mmau_002001,MMAU,30.0,all_hit,True,0.26666666666666666,0.2,0.0,-0.06666666666666667,0.26666666666666666,False,all_hit,True,0.06666666666666667,-0.03333333333333333,0.03333333333333333,0.03333333333333333,0.0,False
mmau_002083,MMAU,30.0,all_hit,True,0.06666666666666667,-0.06666666666666667,-0.06666666666666667,-0.13333333333333333,0.0,False,all_hit,True,0.06666666666666667,0.0,0.06666666666666667,0.03333333333333333,0.0,False
mmau_002108,MMAU,30.0,all_hit,True,0.26666666666666666,0.13333333333333333,0.06666666666666667,-0.13333333333333333,0.13333333333333333,False,all_hit,True,0.16666666666666669,0.03333333333333333,0.1,-0.06666666666666667,0.03333333333333333,False
mmau_002116,MMAU,30.0,all_hit,True,0.13333333333333333,-0.2,-0.23333333333333334,-0.1,0.06666666666666667,False,all_hit,True,0.13333333333333333,0.0,-0.06666666666666667,0.06666666666666667,0.0,False
mmau_002258,MMAU,30.0,all_hit,True,0.1,-0.03333333333333333,-0.03333333333333333,-0.13333333333333333,0.0,False,all_hit,True,0.06666666666666667,0.03333333333333333,0.06666666666666667,0.0,0.03333333333333333,False
mmau_002307,MMAU,30.0,all_hit,True,0.1,0.0,-0.06666666666666667,0.03333333333333333,0.03333333333333333,False,all_hit,True,0.03333333333333333,0.0,0.03333333333333333,0.0,0.0,False
mmau_002333,MMAU,30.0,all_hit,True,0.1,0.06666666666666667,0.13333333333333333,0.03333333333333333,0.06666666666666667,False,all_hit,True,0.03333333333333333,0.0,0.03333333333333333,0.0,0.03333333333333333,False
mmau_002346,MMAU,30.0,all_hit,True,0.13333333333333333,-0.03333333333333333,-0.03333333333333333,-0.16666666666666666,-0.03333333333333333,False,all_hit,True,0.06666666666666668,-0.03333333333333333,-0.03333333333333333,-0.1,0.0,False
mmau_002347,MMAU,30.0,all_hit,True,0.06666666666666667,0.03333333333333333,0.03333333333333333,-0.03333333333333333,0.06666666666666667,False,all_hit,True,0.03333333333333333,0.0,0.03333333333333333,0.0,0.0,False
mmau_002436,MMAU,30.0,all_hit,True,0.26666666666666666,-0.03333333333333333,-0.1,-0.3,0.0,False,all_hit,True,0.1,0.0,0.1,0.06666666666666667,0.03333333333333333,False
mmau_002484,MMAU,30.0,all_hit,True,0.13333333333333333,-0.03333333333333333,-0.16666666666666666,-0.13333333333333333,0.03333333333333333,False,all_hit,True,0.03333333333333333,0.0,0.0,0.03333333333333333,0.0,False
mmau_002547,MMAU,30.0,all_hit,True,0.13333333333333333,-0.1,-0.16666666666666666,-0.23333333333333334,-0.06666666666666667,False,all_hit,True,0.0,0.03333333333333333,0.03333333333333333,0.03333333333333333,0.03333333333333333,False
mmau_002567,MMAU,30.0,all_hit,True,0.0,-0.13333333333333333,-0.13333333333333333,-0.13333333333333333,-0.1,False,all_hit,True,0.1,0.0,-0.03333333333333333,-0.1,0.0,False
mmau_002780,MMAU,30.0,all_hit,True,0.26666666666666666,-0.03333333333333333,-0.1,-0.3,-0.06666666666666667,False,all_hit,True,0.03333333333333333,-0.03333333333333333,-0.03333333333333333,-0.06666666666666667,-0.03333333333333333,False
mmau_002923,MMAU,30.0,all_hit,True,0.13333333333333333,0.0,-0.1,-0.13333333333333333,0.06666666666666667,False,all_hit,True,0.06666666666666667,-0.06666666666666667,0.0,0.0,-0.03333333333333333,False
mmau_002926,MMAU,30.0,all_hit,True,0.13333333333333333,-0.03333333333333333,-0.1,-0.16666666666666666,0.0,False,all_hit,True,0.0,0.0,0.0,0.0,0.0,False
mmau_003126,MMAU,30.0,all_hit,True,0.033333333333333354,-0.16666666666666666,-0.2,-0.2,-0.1,False,all_hit,True,0.1,-0.03333333333333333,-0.06666666666666667,-0.13333333333333333,0.0,False
mmau_003134,MMAU,30.0,all_hit,True,0.26666666666666666,0.03333333333333333,-0.1,-0.23333333333333334,0.0,False,all_hit,True,0.13333333333333333,0.0,0.0,-0.13333333333333333,0.0,False
mmau_003205,MMAU,30.0,all_hit,True,0.13333333333333333,-0.03333333333333333,-0.13333333333333333,-0.16666666666666666,0.0,False,all_hit,True,0.1,-0.1,-0.1,-0.2,-0.06666666666666667,False
mmau_003267,MMAU,30.0,all_hit,True,0.1,0.26666666666666666,0.16666666666666666,0.16666666666666666,0.26666666666666666,False,all_hit,True,0.2,-0.03333333333333333,-0.03333333333333333,-0.23333333333333334,-0.03333333333333333,False
mmau_003280,MMAU,30.0,all_hit,True,0.16666666666666666,0.13333333333333333,0.03333333333333333,-0.03333333333333333,0.13333333333333333,False,all_hit,True,0.0,-0.03333333333333333,-0.03333333333333333,-0.03333333333333333,-0.03333333333333333,False
mmau_003482,MMAU,30.0,all_hit,True,0.16666666666666669,-0.06666666666666667,-0.23333333333333334,-0.2,-0.06666666666666667,False,all_hit,True,0.06666666666666667,0.0,-0.06666666666666667,0.0,0.0,False
mmau_003500,MMAU,30.0,all_hit,True,0.13333333333333333,-0.03333333333333333,-0.16666666666666666,-0.16666666666666666,-0.06666666666666667,False,all_hit,True,0.13333333333333333,0.0,0.03333333333333333,-0.1,0.0,False
mmau_003527,MMAU,30.0,all_hit,True,0.13333333333333336,-0.06666666666666667,-0.2,-0.13333333333333333,-0.06666666666666667,False,all_hit,True,0.03333333333333333,0.0,0.0,0.03333333333333333,0.03333333333333333,False
mmau_003619,MMAU,30.0,all_hit,True,0.06666666666666667,0.0,-0.03333333333333333,-0.06666666666666667,0.0,False,all_hit,True,0.03333333333333334,-0.06666666666666667,-0.1,-0.1,-0.06666666666666667,False
mmau_003667,MMAU,30.0,all_hit,True,0.03333333333333333,0.03333333333333333,0.03333333333333333,0.0,0.06666666666666667,False,all_hit,True,0.06666666666666667,0.0,0.06666666666666667,0.06666666666666667,0.03333333333333333,False
mmau_003719,MMAU,30.0,all_hit,True,0.23333333333333334,0.03333333333333333,-0.13333333333333333,-0.2,0.03333333333333333,False,all_hit,True,0.1,0.0,0.03333333333333333,-0.06666666666666667,-0.03333333333333333,False
mmau_003807,MMAU,30.0,all_hit,True,0.1,0.13333333333333333,0.06666666666666667,0.03333333333333333,0.3333333333333333,False,all_hit,True,0.06666666666666667,-0.06666666666666667,0.0,-0.03333333333333333,0.0,False
mmau_004100,MMAU,30.0,all_hit,True,0.13333333333333333,-0.16666666666666666,-0.16666666666666666,-0.3,0.06666666666666667,False,all_hit,True,0.13333333333333333,0.06666666666666667,-0.06666666666666667,0.0,0.06666666666666667,False
mmau_005008,MMAU,30.0,all_hit,True,0.09999999999999999,-0.06666666666666667,-0.13333333333333333,-0.16666666666666666,-0.06666666666666667,False,all_hit,True,0.06666666666666668,0.03333333333333333,0.03333333333333333,0.1,0.03333333333333333,False
mmau_005060,MMAU,30.0,all_hit,True,0.06666666666666668,0.2,0.2,0.13333333333333333,0.26666666666666666,False,all_hit,True,0.06666666666666667,-0.03333333333333333,0.0,-0.06666666666666667,-0.03333333333333333,False
mmau_005147,MMAU,30.0,all_hit,True,0.13333333333333333,-0.03333333333333333,-0.1,-0.16666666666666666,-0.1,False,all_hit,True,0.06666666666666667,0.0,0.03333333333333333,-0.03333333333333333,0.0,False
mmau_005170,MMAU,30.0,all_hit,True,0.06666666666666665,-0.1,-0.16666666666666666,-0.16666666666666666,0.06666666666666667,False,all_hit,True,0.06666666666666668,-0.03333333333333333,-0.03333333333333333,-0.1,-0.03333333333333333,False
mmau_005176,MMAU,30.0,all_hit,True,0.1,-0.1,-0.2,-0.1,-0.03333333333333333,False,all_hit,True,0.06666666666666667,-0.03333333333333333,0.0,0.03333333333333333,-0.03333333333333333,False
mmau_005218,MMAU,30.0,all_hit,True,0.13333333333333333,-0.13333333333333333,-0.2,-0.26666666666666666,-0.1,False,all_hit,True,0.03333333333333333,-0.03333333333333333,0.0,-0.03333333333333333,0.0,False
mmau_005331,MMAU,30.0,all_hit,True,0.06666666666666665,-0.1,-0.1,-0.16666666666666666,-0.1,False,all_hit,True,0.03333333333333333,0.06666666666666667,0.06666666666666667,0.03333333333333333,0.0,False
mmau_005359,MMAU,30.0,all_hit,True,0.1,0.2,0.16666666666666666,0.1,0.23333333333333334,False,all_hit,True,0.06666666666666668,-0.03333333333333333,-0.06666666666666667,-0.1,-0.03333333333333333,False
mmau_005362,MMAU,30.0,all_hit,True,0.4666666666666667,0.2,-0.2,-0.26666666666666666,0.2,False,all_hit,True,0.16666666666666666,0.26666666666666666,0.23333333333333334,0.1,0.23333333333333334,False
mmau_005382,MMAU,30.0,all_hit,True,0.23333333333333334,0.1,-0.06666666666666667,-0.13333333333333333,0.06666666666666667,False,all_hit,True,0.03333333333333333,0.0,0.03333333333333333,0.0,0.0,False
mmau_005531,MMAU,30.0,all_hit,True,0.06666666666666667,0.06666666666666667,0.0,0.0,0.13333333333333333,False,all_hit,True,0.03333333333333333,0.0,-0.03333333333333333,-0.03333333333333333,0.06666666666666667,False
mmau_005535,MMAU,30.0,all_hit,True,0.033333333333333326,-0.13333333333333333,-0.13333333333333333,-0.1,-0.03333333333333333,False,all_hit,True,0.13333333333333333,-0.03333333333333333,0.1,0.1,0.0,False
mmau_005536,MMAU,30.0,all_hit,True,0.06666666666666668,-0.2,-0.16666666666666666,-0.23333333333333334,-0.2,False,all_hit,True,0.06666666666666667,-0.03333333333333333,0.03333333333333333,0.03333333333333333,0.0,False
mmau_005723,MMAU,30.0,rate_sensitive,True,0.8666666666666666,0.13333333333333333,-0.06666666666666667,-0.7333333333333333,0.13333333333333333,False,all_hit,True,0.03333333333333333,0.0,-0.03333333333333333,-0.03333333333333333,-0.03333333333333333,False
mmau_005730,MMAU,30.0,all_hit,True,0.16666666666666669,0.1,-0.03333333333333333,-0.06666666666666667,0.1,False,all_hit,True,0.03333333333333334,-0.1,-0.1,-0.06666666666666667,-0.13333333333333333,False
mmau_005778,MMAU,30.0,all_hit,True,0.0,0.23333333333333334,0.23333333333333334,0.23333333333333334,0.23333333333333334,False,all_hit,True,0.16666666666666666,0.03333333333333333,0.0,0.16666666666666666,-0.06666666666666667,False
mmau_006502,MMAU,30.0,all_miss,False,0.06666666666666671,0.43333333333333335,0.36666666666666664,0.36666666666666664,0.43333333333333335,False,all_hit,True,0.06666666666666667,0.03333333333333333,0.0,0.06666666666666667,-0.03333333333333333,False
mmau_006685,MMAU,30.0,all_hit,True,0.16666666666666669,-0.06666666666666667,-0.23333333333333334,-0.23333333333333334,-0.06666666666666667,False,all_hit,True,0.06666666666666668,0.03333333333333333,0.1,0.03333333333333333,0.0,False
mmau_006864,MMAU,30.0,rate_sensitive,False,0.09999999999999998,0.3333333333333333,0.26666666666666666,0.23333333333333334,0.26666666666666666,True,all_hit,True,0.06666666666666668,-0.13333333333333333,-0.2,-0.16666666666666666,-0.16666666666666666,False
mmau_007219,MMAU,30.0,all_miss,False,0.19999999999999996,0.7,0.5,0.5333333333333333,0.6666666666666666,False,rate_sensitive,False,0.09999999999999998,-0.36666666666666664,-0.26666666666666666,-0.3333333333333333,-0.36666666666666664,False
mmau_007322,MMAU,30.0,rate_sensitive,True,0.5,0.1,0.03333333333333333,-0.4,0.1,False,all_hit,True,0.06666666666666667,0.06666666666666667,0.0,0.06666666666666667,0.0,False
mmau_007433,MMAU,30.0,all_hit,True,0.1,-0.03333333333333333,-0.13333333333333333,-0.06666666666666667,-0.06666666666666667,False,all_hit,True,0.033333333333333326,0.1,0.13333333333333333,0.13333333333333333,0.06666666666666667,False
mmau_007438,MMAU,30.0,rate_sensitive,True,0.4666666666666666,0.23333333333333334,0.26666666666666666,0.7,0.23333333333333334,False,rate_sensitive,False,0.5333333333333333,-0.5,-0.43333333333333335,0.03333333333333333,-0.5,False
mmau_007660,MMAU,30.0,all_miss,False,0.033333333333333326,0.5333333333333333,0.5,0.5,0.6,False,all_hit,True,0.03333333333333334,-0.1,-0.06666666666666667,-0.06666666666666667,-0.1,False
mmau_007708,MMAU,30.0,all_hit,True,0.033333333333333326,0.13333333333333333,0.1,0.1,0.13333333333333333,False,all_hit,True,0.03333333333333333,0.03333333333333333,0.03333333333333333,0.06666666666666667,0.03333333333333333,False
mmau_007714,MMAU,30.0,rate_sensitive,True,0.033333333333333326,0.3,0.3333333333333333,0.3333333333333333,0.36666666666666664,False,all_hit,True,0.16666666666666666,0.0,0.0,0.16666666666666666,0.0,False
mmau_007731,MMAU,30.0,all_hit,True,0.2,-0.03333333333333333,-0.2,-0.23333333333333334,-0.03333333333333333,False,all_hit,True,0.03333333333333334,0.1,0.06666666666666667,0.06666666666666667,0.1,False
mmau_007992,MMAU,30.0,all_hit,True,0.033333333333333326,-0.1,-0.1,-0.13333333333333333,0.0,False,all_hit,True,0.06666666666666667,-0.03333333333333333,0.0,0.03333333333333333,-0.03333333333333333,False
mmau_008318,MMAU,30.0,all_hit,True,0.033333333333333326,0.23333333333333334,0.26666666666666666,0.26666666666666666,0.9666666666666667,False,all_hit,True,0.23333333333333334,-0.03333333333333333,0.2,0.06666666666666667,-0.06666666666666667,False
mmau_008779,MMAU,30.0,rate_sensitive,True,0.16666666666666669,-0.23333333333333334,-0.23333333333333334,-0.4,-0.23333333333333334,False,all_hit,True,0.06666666666666667,-0.06666666666666667,0.0,0.0,-0.06666666666666667,False
mmau_008965,MMAU,30.0,rate_sensitive,False,0.33333333333333337,0.43333333333333335,0.3333333333333333,0.1,0.3333333333333333,False,all_hit,True,0.13333333333333333,-0.06666666666666667,0.0,-0.13333333333333333,1.1666666666666667,False
mmau_009261,MMAU,30.0,all_hit,True,0.1,0.0,-0.1,-0.1,-0.13333333333333333,False,all_hit,True,0.06666666666666665,-0.23333333333333334,-0.26666666666666666,-0.3,-0.16666666666666666,False
mmau_009332,MMAU,30.0,rate_sensitive,False,0.19999999999999998,0.3333333333333333,0.13333333333333333,0.13333333333333333,0.26666666666666666,True,all_hit,True,0.09999999999999999,-0.06666666666666667,-0.16666666666666666,-0.16666666666666666,-0.13333333333333333,False
mmau_009398,MMAU,30.0,all_hit,True,0.033333333333333326,-0.13333333333333333,-0.16666666666666666,-0.16666666666666666,-0.13333333333333333,False,rate_sensitive,False,0.19999999999999998,-0.36666666666666664,-0.3,-0.16666666666666666,1.2666666666666666,False
mmau_009553,MMAU,30.0,rate_sensitive,False,0.36666666666666664,0.6666666666666666,0.6,0.3,0.7,False,all_hit,True,0.06666666666666665,-0.1,-0.16666666666666666,-0.1,-0.16666666666666666,False
mmau_009618,MMAU,30.0,all_hit,True,0.1,0.06666666666666667,-0.03333333333333333,-0.03333333333333333,0.06666666666666667,False,all_hit,True,0.1,0.1,0.13333333333333333,0.2,0.1,False
mmau_009625,MMAU,30.0,all_hit,True,0.5666666666666667,0.26666666666666666,0.26666666666666666,-0.3,0.36666666666666664,False,all_miss,False,1.0,1.5666666666666667,0.6333333333333333,1.6333333333333333,1.5333333333333334,False
mmau_009646,MMAU,30.0,all_hit,True,0.16666666666666666,0.03333333333333333,-0.06666666666666667,-0.13333333333333333,0.1,False,all_hit,True,0.06666666666666665,-0.16666666666666666,-0.1,-0.16666666666666666,-0.23333333333333334,False
mmau_009749,MMAU,30.0,rate_sensitive,False,0.2,0.4666666666666667,0.36666666666666664,0.26666666666666666,0.43333333333333335,False,all_hit,True,0.033333333333333326,-0.23333333333333334,-0.2,-0.23333333333333334,-0.26666666666666666,False
mmau_009805,MMAU,30.0,all_hit,True,0.033333333333333354,-0.16666666666666666,-0.2,-0.2,-0.16666666666666666,False,all_hit,True,0.13333333333333333,-0.03333333333333333,-0.03333333333333333,-0.16666666666666666,-0.06666666666666667,False
mmau_009829,MMAU,30.0,rate_sensitive,False,0.5,0.8,0.7333333333333333,0.3,1.3333333333333333,False,all_hit,True,0.03333333333333334,0.06666666666666667,0.1,0.1,0.06666666666666667,False
mmau_009862,MMAU,30.0,all_hit,True,0.26666666666666666,0.26666666666666666,0.2,0.0,0.26666666666666666,False,all_hit,True,0.03333333333333333,0.03333333333333333,0.06666666666666667,0.03333333333333333,0.03333333333333333,False
mmau_009888,MMAU,30.0,all_hit,True,0.13333333333333333,0.03333333333333333,-0.03333333333333333,-0.1,0.6333333333333333,False,all_hit,True,0.06666666666666668,0.03333333333333333,0.03333333333333333,0.1,0.03333333333333333,False
mmau_009891,MMAU,30.0,all_miss,False,0.0,0.43333333333333335,0.43333333333333335,0.43333333333333335,0.43333333333333335,False,all_hit,True,0.06666666666666667,0.0,0.0,-0.06666666666666667,-0.1,False
mmau_009949,MMAU,30.0,all_miss,False,0.6000000000000001,1.6666666666666667,1.5333333333333334,1.0666666666666667,1.6666666666666667,False,all_hit,True,0.06666666666666667,-0.06666666666666667,0.0,-0.06666666666666667,-0.03333333333333333,False
mmau_010358,MMAU,30.0,all_hit,True,0.13333333333333333,-0.1,-0.1,-0.23333333333333334,-0.06666666666666667,False,all_hit,True,0.033333333333333326,0.13333333333333333,0.1,0.1,0.13333333333333333,False
mmau_011563,MMAU,30.0,all_hit,True,0.0,0.0,0.0,0.0,0.0,False,all_hit,True,0.06666666666666667,0.0,-0.06666666666666667,0.0,0.0,False
nexar_00000,NEXAR,28.9,all_hit,True,0.20761245674740486,0.06920415224913495,-0.1384083044982699,-0.10380622837370243,0.20761245674740486,False,all_hit,True,0.06920415224913495,0.03460207612456748,0.10380622837370243,0.03460207612456748,-0.03460207612456748,False
nexar_00013,NEXAR,30.0,all_miss,False,0.13333333333333341,0.9666666666666667,0.9,1.0333333333333334,1.0,False,all_miss,False,0.06666666666666676,0.9666666666666667,1.0,1.0333333333333334,0.9666666666666667,False
nexar_00022,NEXAR,30.0,rate_sensitive,True,0.2,-0.2,-0.4,-0.2,-0.16666666666666666,False,all_miss,False,0.43333333333333335,0.8,0.8333333333333334,0.4,0.7333333333333333,False
nexar_00025,NEXAR,30.0,all_miss,False,0.7999999999999999,-0.4666666666666667,-0.5666666666666667,-1.2666666666666666,-0.13333333333333333,True,all_hit,True,0.23333333333333334,0.06666666666666667,0.3,0.3,0.03333333333333333,False
nexar_00031,NEXAR,30.0,all_miss,False,0.23333333333333317,1.7666666666666666,1.7333333333333334,1.5333333333333334,1.8333333333333333,False,all_hit,True,0.16666666666666669,-0.23333333333333334,-0.06666666666666667,-0.1,0.0,False
nexar_00036,NEXAR,30.1,all_hit,True,0.2990033222591362,0.23255813953488372,0.09966777408637874,-0.06644518272425248,0.39867109634551495,False,all_hit,True,0.26578073089700993,0.06644518272425248,-0.09966777408637874,-0.19933554817275748,-0.09966777408637874,False
nexar_00042,NEXAR,30.6,rate_sensitive,True,0.3594771241830066,-0.16339869281045752,-0.26143790849673204,-0.5228758169934641,0.26143790849673204,False,all_hit,True,0.0326797385620915,0.19607843137254902,0.19607843137254902,0.22875816993464052,0.13071895424836602,False
nexar_00047,NEXAR,30.0,all_hit,True,0.13333333333333333,0.06666666666666667,0.1,-0.03333333333333333,0.06666666666666667,False,all_hit,True,0.03333333333333334,-0.1,-0.1,-0.06666666666666667,-0.13333333333333333,False
nexar_00077,NEXAR,29.7,all_miss,False,0.06734006734006703,2.323232323232323,2.28956228956229,2.356902356902357,2.65993265993266,False,all_hit,True,0.16835016835016836,0.0,0.10101010101010101,0.16835016835016836,0.03367003367003367,False
nexar_00082,NEXAR,30.0,all_miss,False,0.09999999999999964,4.233333333333333,4.233333333333333,4.133333333333334,4.3,False,all_hit,True,0.16666666666666666,0.0,0.16666666666666666,0.06666666666666667,0.0,False
nexar_00084,NEXAR,30.6,rate_sensitive,False,0.29411764705882354,0.32679738562091504,0.19607843137254902,0.032679738562091505,0.42483660130718953,False,all_hit,True,0.09803921568627451,-0.19607843137254902,-0.09803921568627451,-0.13071895424836602,-0.29411764705882354,False
nexar_00096,NEXAR,25.3,all_hit,True,0.15810276679841898,-0.039525691699604744,-0.039525691699604744,-0.1976284584980237,0.0,False,all_hit,True,0.2766798418972332,0.039525691699604744,0.15810276679841898,-0.11857707509881422,-0.07905138339920949,False
nexar_00099,NEXAR,30.5,all_hit,True,0.42622950819672134,0.26229508196721313,0.26229508196721313,-0.16393442622950818,0.29508196721311475,False,all_hit,True,0.0,0.22950819672131148,0.22950819672131148,0.22950819672131148,0.0,False
nexar_00100,NEXAR,30.0,all_miss,False,3.766666666666667,0.36666666666666664,4.133333333333334,0.5333333333333333,0.36666666666666664,False,rate_sensitive,True,3.3333333333333335,0.26666666666666666,3.6,0.4,-0.4666666666666667,False
nexar_00103,NEXAR,30.0,all_hit,True,0.03333333333333333,0.03333333333333333,0.0,0.0,0.16666666666666666,False,all_hit,True,0.03333333333333333,-0.06666666666666667,-0.06666666666666667,-0.03333333333333333,-0.06666666666666667,False
nexar_00110,NEXAR,29.9,all_miss,False,0.10033444816053505,1.1371237458193981,1.1036789297658864,1.2040133779264215,-6.65551839464883,False,rate_sensitive,False,0.16722408026755856,0.3010033444816054,0.3010033444816054,0.13377926421404682,0.23411371237458195,True
nexar_00114,NEXAR,30.0,all_miss,False,0.09999999999999998,0.5333333333333333,0.5,0.43333333333333335,0.5666666666666667,False,all_hit,True,0.26666666666666666,-0.03333333333333333,0.2,0.23333333333333334,-0.03333333333333333,False
nexar_00125,NEXAR,30.5,rate_sensitive,True,0.09836065573770489,-0.22950819672131148,-0.26229508196721313,-0.32786885245901637,-0.06557377049180328,False,all_hit,True,0.22950819672131148,-0.03278688524590164,-0.03278688524590164,0.19672131147540983,0.0,False
nexar_00127,NEXAR,30.6,rate_sensitive,True,0.16339869281045752,-0.16339869281045752,-0.16339869281045752,-0.32679738562091504,0.06535947712418301,False,all_hit,True,0.0,-0.032679738562091505,-0.032679738562091505,-0.032679738562091505,-0.032679738562091505,False
nexar_00128,NEXAR,30.0,rate_sensitive,False,0.6666666666666666,0.6666666666666666,0.0,0.1,0.7,False,rate_sensitive,False,2.2,2.3333333333333335,2.3333333333333335,0.13333333333333333,0.1,True
nexar_00129,NEXAR,30.0,all_hit,True,0.033333333333333326,0.3,0.3,0.26666666666666666,0.43333333333333335,False,all_hit,True,0.1,0.03333333333333333,0.06666666666666667,-0.03333333333333333,-0.16666666666666666,False
nexar_00136,NEXAR,30.6,all_miss,False,0.326797385620915,1.3725490196078431,1.0457516339869282,1.1437908496732025,1.9281045751633985,False,all_hit,True,0.09803921568627451,0.16339869281045752,0.06535947712418301,0.06535947712418301,0.22875816993464052,False
nexar_00142,NEXAR,29.9,rate_sensitive,False,0.3010033444816054,0.33444816053511706,0.23411371237458195,0.033444816053511704,0.33444816053511706,False,all_hit,True,0.13377926421404684,0.13377926421404682,0.20066889632107024,0.06688963210702341,0.06688963210702341,False
nexar_00143,NEXAR,30.5,rate_sensitive,True,0.3606557377049181,-0.16393442622950818,-0.19672131147540983,-0.5245901639344263,0.13114754098360656,False,all_hit,True,0.09836065573770492,-0.19672131147540983,-0.13114754098360656,-0.22950819672131148,-0.26229508196721313,False
nexar_00148,NEXAR,30.0,all_hit,True,0.13333333333333333,0.03333333333333333,0.03333333333333333,-0.1,0.06666666666666667,False,all_hit,True,0.23333333333333334,-0.16666666666666666,-0.16666666666666666,0.06666666666666667,-0.13333333333333333,False
nexar_00152,NEXAR,30.6,all_hit,True,0.06535947712418302,0.26143790849673204,0.22875816993464052,0.19607843137254902,0.19607843137254902,False,rate_sensitive,False,0.065359477124183,-0.32679738562091504,-0.32679738562091504,-0.26143790849673204,-0.26143790849673204,True
nexar_00155,NEXAR,30.6,all_hit,True,0.065359477124183,-0.032679738562091505,-0.06535947712418301,-0.09803921568627451,-0.032679738562091505,False,rate_sensitive,False,0.9150326797385621,0.7189542483660131,-0.19607843137254902,0.0,0.6862745098039216,False
nexar_00157,NEXAR,30.6,all_miss,False,0.7516339869281046,-0.39215686274509803,-0.5882352941176471,-1.1437908496732025,-0.22875816993464052,True,all_hit,True,0.06535947712418301,0.032679738562091505,0.06535947712418301,0.0,-0.032679738562091505,False
nexar_00162,NEXAR,30.0,all_miss,False,0.033333333333333215,-1.8333333333333333,-1.8333333333333333,-1.8,-1.7666666666666666,False,rate_sensitive,False,1.4666666666666666,-1.6333333333333333,-0.16666666666666666,-1.6,-5.066666666666666,False
nexar_00166,NEXAR,30.5,all_hit,True,0.13114754098360656,-0.16393442622950818,-0.16393442622950818,-0.29508196721311475,-0.03278688524590164,False,rate_sensitive,True,0.19672131147540983,-0.19672131147540983,-0.39344262295081966,-0.29508196721311475,-0.16393442622950818,False
nexar_00168,NEXAR,30.0,rate_sensitive,False,0.8999999999999999,0.6333333333333333,0.43333333333333335,-0.26666666666666666,0.6333333333333333,False,all_hit,True,0.1,-0.03333333333333333,-0.03333333333333333,0.06666666666666667,-0.03333333333333333,False
nexar_00190,NEXAR,30.0,rate_sensitive,False,0.6,0.36666666666666664,0.16666666666666666,-0.23333333333333334,0.3333333333333333,False,rate_sensitive,False,0.30000000000000004,0.4,0.4,0.1,0.36666666666666664,False
nexar_00199,NEXAR,30.0,all_hit,True,0.19999999999999998,0.3,0.13333333333333333,0.1,0.6333333333333333,False,all_hit,True,0.033333333333333354,-0.16666666666666666,-0.2,-0.2,-0.2,False
nexar_00200,NEXAR,30.6,all_miss,False,0.2287581699346405,0.8823529411764706,1.0784313725490196,0.8496732026143791,1.0784313725490196,False,all_miss,False,0.13071895424836605,0.6209150326797386,0.6209150326797386,0.49019607843137253,0.5882352941176471,False
nexar_00202,NEXAR,30.0,all_miss,False,0.10000000000000009,1.1,1.0,1.1,1.0666666666666667,False,all_hit,True,0.1,0.16666666666666666,0.13333333333333333,0.23333333333333334,0.16666666666666666,False
nexar_00208,NEXAR,30.0,all_miss,False,0.16666666666666663,0.9333333333333333,0.8,0.9666666666666667,0.9666666666666667,False,all_hit,True,0.1,0.1,0.0,0.1,0.03333333333333333,False
nexar_00217,NEXAR,30.0,all_hit,True,0.3666666666666667,0.13333333333333333,-0.06666666666666667,-0.23333333333333334,0.13333333333333333,False,all_hit,True,0.1,-0.1,-0.2,-0.2,-0.23333333333333334,False
nexar_00223,NEXAR,30.0,all_hit,True,0.1,0.0,-0.03333333333333333,-0.1,0.1,False,all_hit,True,0.06666666666666665,0.16666666666666666,0.13333333333333333,0.1,0.13333333333333333,False
nexar_00225,NEXAR,30.0,all_miss,False,0.033333333333333215,-10.133333333333333,-10.166666666666666,-10.166666666666666,-10.033333333333333,False,all_hit,True,0.0,0.06666666666666667,0.06666666666666667,0.06666666666666667,-10.066666666666666,False
nexar_00247,NEXAR,30.6,all_miss,False,0.326797385620915,1.1437908496732025,1.0130718954248366,0.8169934640522876,1.3071895424836601,False,all_hit,True,0.09803921568627451,0.0,0.0,0.09803921568627451,0.0,False
nexar_00260,NEXAR,30.0,all_hit,True,0.36666666666666664,0.3,0.2,-0.06666666666666667,0.36666666666666664,False,all_hit,True,0.13333333333333333,0.0,0.1,-0.03333333333333333,0.03333333333333333,False
nexar_00264,NEXAR,30.5,all_miss,False,0.19672131147540983,1.9672131147540983,1.8688524590163935,1.7704918032786885,2.6885245901639343,False,all_miss,False,0.2950819672131147,0.7540983606557377,0.5245901639344263,0.45901639344262296,0.39344262295081966,False
nexar_00291,NEXAR,30.6,all_miss,False,0.19607843137254904,-0.45751633986928103,-0.45751633986928103,-0.6535947712418301,0.09803921568627451,True,all_miss,False,0.0980392156862745,-0.39215686274509803,-0.42483660130718953,-0.49019607843137253,-0.42483660130718953,False
nexar_00310,NEXAR,30.3,all_miss,False,0.09900990099009899,0.46204620462046203,0.46204620462046203,0.36303630363036304,0.528052805280528,False,all_hit,True,0.23102310231023102,0.0,0.16501650165016502,0.23102310231023102,-0.033003300330033,False
nexar_00313,NEXAR,30.5,rate_sensitive,True,0.22950819672131148,-0.13114754098360656,-0.36065573770491804,-0.26229508196721313,-0.06557377049180328,False,all_hit,True,0.0983606557377049,0.06557377049180328,0.16393442622950818,0.09836065573770492,0.03278688524590164,False
nexar_00318,NEXAR,29.3,all_miss,False,0.13651877133105805,0.4778156996587031,0.40955631399317405,0.341296928327645,0.40955631399317405,False,all_hit,True,0.17064846416382254,0.10238907849829351,0.20477815699658702,0.27303754266211605,0.10238907849829351,False
nexar_00324,NEXAR,30.0,all_miss,False,0.26666666666666666,-0.3333333333333333,-0.4666666666666667,-0.6,-0.3,True,all_hit,True,0.13333333333333333,0.0,-0.1,-0.13333333333333333,-0.03333333333333333,False
nexar_00328,NEXAR,31.0,rate_sensitive,True,0.5161290322580645,0.16129032258064516,0.16129032258064516,-0.3548387096774194,-0.03225806451612903,False,all_hit,True,0.22580645161290322,-0.12903225806451613,-0.12903225806451613,0.0967741935483871,-0.1935483870967742,False
nexar_00332,NEXAR,30.0,all_hit,True,0.1,0.23333333333333334,0.16666666666666666,0.13333333333333333,0.3,False,all_hit,True,0.06666666666666667,0.0,0.06666666666666667,0.03333333333333333,0.0,False
nexar_00334,NEXAR,30.0,rate_sensitive,True,0.16666666666666666,-0.16666666666666666,-0.2,-0.3333333333333333,-0.03333333333333333,False,all_hit,True,0.1,0.16666666666666666,0.26666666666666666,0.16666666666666666,0.2,False
nexar_00335,NEXAR,29.9,all_hit,True,0.4682274247491639,0.23411371237458195,0.26755852842809363,-0.20066889632107024,0.4013377926421405,False,rate_sensitive,True,0.1003344481605351,-0.26755852842809363,-0.23411371237458195,-0.33444816053511706,-0.4682274247491639,False
nexar_00340,NEXAR,31.0,all_miss,False,0.25806451612903225,1.2258064516129032,1.1290322580645162,0.967741935483871,1.1612903225806452,False,rate_sensitive,True,0.5806451612903226,0.25806451612903225,0.8387096774193549,0.25806451612903225,0.1935483870967742,False
nexar_00348,NEXAR,30.5,all_hit,True,0.1639344262295082,-0.03278688524590164,0.06557377049180328,0.13114754098360656,0.13114754098360656,False,all_hit,True,0.06557377049180328,0.03278688524590164,0.0,-0.03278688524590164,-0.03278688524590164,False
nexar_00354,NEXAR,30.0,all_miss,False,0.6333333333333333,-0.7,-1.0666666666666667,-1.3333333333333333,-0.36666666666666664,False,all_miss,False,0.033333333333333326,-0.6666666666666666,-0.6666666666666666,-0.6333333333333333,-0.6666666666666666,False
nexar_00355,NEXAR,30.0,all_hit,True,0.09999999999999999,0.16666666666666666,0.13333333333333333,0.06666666666666667,0.1,False,all_hit,True,0.1,0.1,0.13333333333333333,0.2,0.06666666666666667,False
nexar_00369,NEXAR,30.0,all_hit,True,0.16666666666666666,0.0,-0.03333333333333333,-0.16666666666666666,0.0,False,rate_sensitive,True,0.4666666666666667,-0.06666666666666667,0.4,0.03333333333333333,-0.1,False
nexar_00373,NEXAR,31.0,all_hit,True,0.03225806451612903,-0.06451612903225806,-0.0967741935483871,-0.06451612903225806,-0.0967741935483871,False,all_hit,True,0.12903225806451613,0.0,-0.03225806451612903,0.0967741935483871,-0.12903225806451613,False
nexar_00381,NEXAR,29.9,all_miss,False,0.4013377926421402,-2.508361204013378,-2.207357859531773,-2.608695652173913,0.16722408026755853,True,all_hit,True,0.03344481605351171,0.06688963210702341,0.10033444816053512,0.06688963210702341,0.13377926421404682,False
nexar_00392,NEXAR,28.1,rate_sensitive,True,0.21352313167259784,-0.10676156583629892,-0.21352313167259784,-0.32028469750889677,-0.07117437722419928,False,all_hit,True,0.10676156583629892,0.07117437722419928,-0.03558718861209964,0.0,-0.07117437722419928,False
nexar_00398,NEXAR,30.0,all_miss,False,0.10000000000000009,-0.7333333333333333,-0.8333333333333334,-0.7333333333333333,-1.3,False,rate_sensitive,False,1.2000000000000002,1.1,1.1,-0.1,-1.8333333333333333,False
nexar_00405,NEXAR,29.9,rate_sensitive,False,0.5016722408026757,0.7692307692307693,0.5351170568561873,0.26755852842809363,0.9698996655518395,False,all_hit,True,0.03344481605351171,0.10033444816053512,0.10033444816053512,0.06688963210702341,0.06688963210702341,False
nexar_00408,NEXAR,29.9,all_miss,False,0.9030100334448161,0.3678929765886288,-0.4013377926421405,-0.5351170568561873,0.3678929765886288,False,all_hit,True,0.13377926421404682,-0.10033444816053512,0.0,0.033444816053511704,-0.16722408026755853,False
nexar_00415,NEXAR,30.0,all_miss,False,0.2333333333333334,1.6,1.6,1.3666666666666667,1.7666666666666666,False,all_hit,True,0.1,-0.03333333333333333,0.06666666666666667,0.0,-0.06666666666666667,False
nexar_00434,NEXAR,30.0,all_hit,True,0.2,0.0,-0.06666666666666667,-0.2,0.03333333333333333,False,all_hit,True,0.06666666666666665,0.1,0.16666666666666666,0.13333333333333333,0.06666666666666667,False
nexar_00456,NEXAR,30.0,all_miss,False,1.0333333333333332,0.43333333333333335,0.6666666666666666,-0.36666666666666664,0.8333333333333334,False,all_miss,False,0.2333333333333334,0.7666666666666667,0.7666666666666667,0.5333333333333333,0.8,False
nexar_00466,NEXAR,30.0,all_miss,False,0.06666666666666665,0.7333333333333333,0.7333333333333333,0.6666666666666666,0.7666666666666667,False,all_hit,True,0.13333333333333333,-0.1,-0.13333333333333333,0.0,-0.1,False
nexar_00474,NEXAR,30.0,rate_sensitive,True,0.33333333333333337,-0.16666666666666666,-0.5,-0.36666666666666664,0.4666666666666667,False,all_hit,True,0.033333333333333326,-0.1,-0.13333333333333333,-0.13333333333333333,0.0,False
nexar_00475,NEXAR,30.6,rate_sensitive,False,0.196078431372549,0.49019607843137253,0.29411764705882354,0.29411764705882354,0.5228758169934641,False,all_hit,True,0.065359477124183,-0.032679738562091505,-0.032679738562091505,-0.09803921568627451,-0.06535947712418301,False
nexar_00483,NEXAR,30.0,rate_sensitive,True,0.26666666666666666,-0.23333333333333334,-0.23333333333333334,-0.5,-0.1,False,rate_sensitive,True,1.5666666666666667,-0.13333333333333333,-0.16666666666666666,1.4,-0.06666666666666667,False
nexar_00487,NEXAR,30.0,all_hit,True,0.1,0.0,-0.1,0.0,0.1,False,all_hit,True,0.033333333333333326,0.13333333333333333,0.13333333333333333,0.1,0.0,False
nexar_00497,NEXAR,30.0,all_hit,True,0.16666666666666666,-0.1,-0.13333333333333333,0.03333333333333333,-0.06666666666666667,False,all_hit,True,0.09999999999999998,-0.3,-0.3,-0.2,-0.3,False
nexar_00506,NEXAR,30.6,rate_sensitive,False,0.5555555555555556,0.5228758169934641,0.09803921568627451,-0.032679738562091505,0.5882352941176471,False,all_hit,True,0.032679738562091505,0.0,0.0,-0.032679738562091505,0.0,False
nexar_00516,NEXAR,30.0,all_hit,True,0.1,0.0,-0.03333333333333333,-0.1,0.1,False,all_hit,True,0.03333333333333333,0.03333333333333333,0.0,0.0,0.03333333333333333,False
nexar_00522,NEXAR,30.6,all_miss,False,0.6209150326797386,0.9477124183006536,0.42483660130718953,0.32679738562091504,1.9281045751633985,False,all_hit,True,0.0326797385620915,0.16339869281045752,0.13071895424836602,0.13071895424836602,0.13071895424836602,False
nexar_00523,NEXAR,30.0,rate_sensitive,True,0.16666666666666669,-0.26666666666666666,-0.3,-0.43333333333333335,0.6,False,all_hit,True,0.06666666666666667,0.0,0.0,0.06666666666666667,0.06666666666666667,False
nexar_00553,NEXAR,30.6,all_hit,True,0.0980392156862745,0.19607843137254902,0.22875816993464052,0.13071895424836602,0.19607843137254902,False,all_hit,True,0.032679738562091505,0.032679738562091505,0.032679738562091505,0.0,0.0,False
nexar_00675,NEXAR,30.0,rate_sensitive,True,0.36666666666666664,-0.3,-0.4,-0.6666666666666666,-0.16666666666666666,False,all_miss,False,0.09999999999999998,-0.5,-0.5,-0.4,-0.4666666666666667,False
nexar_00763,NEXAR,30.0,all_hit,True,0.36666666666666664,0.06666666666666667,0.03333333333333333,-0.3,0.2,False,all_miss,False,0.30000000000000004,-1.0,-0.7,-0.8,-1.1666666666666667,False
nexar_00927,NEXAR,30.0,rate_sensitive,False,21.1,21.066666666666666,0.03333333333333333,-0.03333333333333333,0.03333333333333333,True,all_miss,False,20.5,20.033333333333335,-0.3333333333333333,-0.4666666666666667,-0.36666666666666664,False
nexar_00998,NEXAR,29.2,rate_sensitive,True,0.547945205479452,-0.17123287671232876,-0.4794520547945206,-0.7191780821917808,-0.10273972602739727,False,all_miss,False,0.8904109589041096,-0.547945205479452,-0.547945205479452,0.3424657534246575,-0.3082191780821918,False
