id,path,head,target,category_head,entry,collision,side_f1,evasion_f1,score,fpsblind_score,entry_norm_mae,collision_norm_mae,params,head_ms_video
E3-ASFormer-lite,stage2/spotting_experiments/results/E3-ASFormer/fixed/seed0,asformer,soft_normalized,global,0.44,0.74,0.8599439775910365,0.6161616161616161,0.6344158390628979,0.48741583906289787,0.06188945794210044,0.03506237651564466,1038952,0.16765999607741833
E0-fpsblind,stage2/spotting_experiments/results/E0-fpsblind/fixed/seed0,baseline,soft_normalized,global,0.5,0.66,0.7799119647859143,0.6565656565656566,0.6214716432027356,0.4674716432027356,0.0887842061737552,0.04578603509562246,813928,0.10621256195008755
E1-displacement,stage2/spotting_experiments/results/E1-displacement/fixed/seed0,tdeed,radius_displacement,global,0.52,0.6,0.8594941790445605,0.6,0.6109241268566841,0.519924126856684,0.05305983996019512,0.026543367480650542,1184680,0.17304605804383755
S-exact,stage2/spotting_experiments/results/sweeps/exact,baseline,exact,global,0.42,0.68,0.8798076923076923,0.6179966044142615,0.6096706445082931,0.4906706445082931,0.09042901202039368,0.039647723194390416,813928,0.10727188549935818
S-norm-1pct,stage2/spotting_experiments/results/sweeps/norm_1pct,baseline,soft_normalized,global,0.44,0.64,0.8193496587715776,0.719551282051282,0.608835141123429,0.48983514112342896,0.087148974395636,0.041497805048171195,813928,0.10922431945800781
E1-radius-1pct,stage2/spotting_experiments/results/sweeps/e1_radius_1pct,tdeed,radius_displacement,global,0.36,0.68,0.8798076923076923,0.7390606182256123,0.6068302465799957,0.5228302465799958,0.06704172184313414,0.02572276194907354,1184680,0.1781003037467599
E2-TemporalMaxer-lite,stage2/spotting_experiments/results/E2-TemporalMaxer/fixed/seed0,temporal_maxer,soft_normalized,global,0.34,0.76,0.88,0.5941558441558441,0.6061233766233766,0.4731233766233766,0.12457204162181174,0.021692082206555073,555872,0.10556010529398918
E1-radius-3pct,stage2/spotting_experiments/results/sweeps/e1_radius_3pct,tdeed,radius_displacement,global,0.46,0.6,0.8792270531400965,0.6376811594202898,0.5985362318840579,0.43053623188405793,0.061050204246052016,0.03504878442417561,1184680,0.17828068230301142
S-fixed128,stage2/spotting_experiments/results/sweeps/fixed128,baseline,soft_normalized,global,0.44,0.62,0.8193496587715776,0.6006725514922235,0.5840033315395702,0.4580033315395702,0.08754662036999969,0.04216865328729208,813928,0.12004399672150612
E1-classification,stage2/spotting_experiments/results/E1-classification/fixed/seed0,tdeed,soft_normalized,global,0.4,0.66,0.7877758913412564,0.5592948717948718,0.5730606144704192,0.4470606144704192,0.10999538658290443,0.032760072901083466,1184680,0.16927587799727917
E4-event-conditioned,stage2/spotting_experiments/results/E4-event-conditioned/fixed/seed0,temporal_maxer,soft_normalized,event_conditioned,0.38,0.74,0.6532027743778049,0.548440065681445,0.5722464260088875,0.4392464260088875,0.08480675158168069,0.026571113013724522,758815,0.17508920282125473
S-soft-index,stage2/spotting_experiments/results/sweeps/soft_index,baseline,soft_index,global,0.4,0.6,0.779205138498595,0.677938808373591,0.5685715920308279,0.42857159203082784,0.09080428207845387,0.04523596147472578,813928,0.10871369857341051
E2-displacement,stage2/spotting_experiments/results/sweeps/e2_displacement,temporal_maxer,radius_displacement,global,0.26,0.68,0.7777777777777778,0.72,0.5536666666666666,0.42766666666666664,0.11420114595010084,0.029631886102388164,555872,0.12920068111270666
E3-displacement,stage2/spotting_experiments/results/sweeps/e3_displacement,asformer,radius_displacement,global,0.34,0.56,0.84,0.6989160979526294,0.5458374146928944,0.41983741469289443,0.07989428490351264,0.03686698198619721,1038952,0.1875522779300809
