video_id,source,time_of_event,time_of_alert,target,r2_key,actual_collision,ego_involved,enters_ego_lane,entry_visible,collision_visible,eligible,filter_notes,download_status
00822,nexar,19.500,18.633,1,stage2/videos/nexar/00822.mp4,,,,,,,,uploaded
00208,nexar,19.800,19.233,1,stage2/videos/nexar/00208.mp4,,,,,,,,uploaded
00072,nexar,20.101,20.068,1,stage2/videos/nexar/00072.mp4,,,,,,,,uploaded
00128,nexar,19.267,18.333,1,stage2/videos/nexar/00128.mp4,,,,,,,,uploaded
00205,nexar,21.146,18.196,1,stage2/videos/nexar/00205.mp4,,,,,,,,uploaded
00408,nexar,19.953,17.551,1,stage2/videos/nexar/00408.mp4,,,,,,,,uploaded
00948,nexar,20.287,19.219,1,stage2/videos/nexar/00948.mp4,,,,,,,,uploaded
00457,nexar,19.600,19.367,1,stage2/videos/nexar/00457.mp4,,,,,,,,uploaded
00471,nexar,19.833,18.267,1,stage2/videos/nexar/00471.mp4,,,,,,,,uploaded
00900,nexar,21.177,17.942,1,stage2/videos/nexar/00900.mp4,,,,,,,,uploaded
00841,nexar,19.000,16.167,1,stage2/videos/nexar/00841.mp4,,,,,,,,uploaded
00333,nexar,19.667,17.000,1,stage2/videos/nexar/00333.mp4,,,,,,,,uploaded
00564,nexar,20.240,17.417,1,stage2/videos/nexar/00564.mp4,,,,,,,,uploaded
00245,nexar,20.133,19.067,1,stage2/videos/nexar/00245.mp4,,,,,,,,uploaded
00171,nexar,10.067,6.833,1,stage2/videos/nexar/00171.mp4,,,,,,,,uploaded
00795,nexar,20.706,16.493,1,stage2/videos/nexar/00795.mp4,,,,,,,,uploaded
00372,nexar,19.967,17.867,1,stage2/videos/nexar/00372.mp4,,,,,,,,uploaded
00938,nexar,10.426,10.226,1,stage2/videos/nexar/00938.mp4,,,,,,,,uploaded
00884,nexar,21.864,20.197,1,stage2/videos/nexar/00884.mp4,,,,,,,,uploaded
00641,nexar,9.832,6.733,1,stage2/videos/nexar/00641.mp4,,,,,,,,uploaded
00010,nexar,20.900,18.533,1,stage2/videos/nexar/00010.mp4,,,,,,,,uploaded
00927,nexar,20.033,16.400,1,stage2/videos/nexar/00927.mp4,,,,,,,,uploaded
00378,nexar,18.300,15.733,1,stage2/videos/nexar/00378.mp4,,,,,,,,uploaded
00238,nexar,20.350,17.500,1,stage2/videos/nexar/00238.mp4,,,,,,,,uploaded
00313,nexar,19.709,18.794,1,stage2/videos/nexar/00313.mp4,,,,,,,,uploaded
00876,nexar,20.192,18.722,1,stage2/videos/nexar/00876.mp4,,,,,,,,uploaded
00098,nexar,19.110,16.823,1,stage2/videos/nexar/00098.mp4,,,,,,,,uploaded
00516,nexar,20.600,19.633,1,stage2/videos/nexar/00516.mp4,,,,,,,,uploaded
00357,nexar,19.493,17.730,1,stage2/videos/nexar/00357.mp4,,,,,,,,uploaded
00903,nexar,20.087,17.184,1,stage2/videos/nexar/00903.mp4,,,,,,,,uploaded
00880,nexar,19.400,18.500,1,stage2/videos/nexar/00880.mp4,,,,,,,,uploaded
00558,nexar,20.266,17.945,1,stage2/videos/nexar/00558.mp4,,,,,,,,uploaded
00291,nexar,17.647,15.229,1,stage2/videos/nexar/00291.mp4,,,,,,,,uploaded
00977,nexar,19.667,18.833,1,stage2/videos/nexar/00977.mp4,,,,,,,,uploaded
00100,nexar,18.467,17.233,1,stage2/videos/nexar/00100.mp4,,,,,,,,uploaded
00765,nexar,19.314,18.301,1,stage2/videos/nexar/00765.mp4,,,,,,,,uploaded
01022,nexar,18.000,16.500,1,stage2/videos/nexar/01022.mp4,,,,,,,,uploaded
00042,nexar,19.465,17.766,1,stage2/videos/nexar/00042.mp4,,,,,,,,uploaded
00286,nexar,19.601,17.347,1,stage2/videos/nexar/00286.mp4,,,,,,,,uploaded
00858,nexar,20.033,16.633,1,stage2/videos/nexar/00858.mp4,,,,,,,,uploaded
00629,nexar,10.431,8.398,1,stage2/videos/nexar/00629.mp4,,,,,,,,uploaded
00145,nexar,17.400,15.233,1,stage2/videos/nexar/00145.mp4,,,,,,,,uploaded
01033,nexar,20.181,18.451,1,stage2/videos/nexar/01033.mp4,,,,,,,,uploaded
00292,nexar,20.800,19.533,1,stage2/videos/nexar/00292.mp4,,,,,,,,uploaded
00611,nexar,19.633,16.833,1,stage2/videos/nexar/00611.mp4,,,,,,,,uploaded
01016,nexar,19.794,18.781,1,stage2/videos/nexar/01016.mp4,,,,,,,,uploaded
00336,nexar,3.921,3.072,1,stage2/videos/nexar/00336.mp4,,,,,,,,uploaded
00168,nexar,19.133,17.833,1,stage2/videos/nexar/00168.mp4,,,,,,,,uploaded
00600,nexar,19.400,15.933,1,stage2/videos/nexar/00600.mp4,,,,,,,,uploaded
00473,nexar,21.067,18.600,1,stage2/videos/nexar/00473.mp4,,,,,,,,uploaded
00515,nexar,19.900,17.867,1,stage2/videos/nexar/00515.mp4,,,,,,,,uploaded
00058,nexar,19.149,18.071,1,stage2/videos/nexar/00058.mp4,,,,,,,,uploaded
00348,nexar,19.570,17.933,1,stage2/videos/nexar/00348.mp4,,,,,,,,uploaded
00487,nexar,20.967,20.067,1,stage2/videos/nexar/00487.mp4,,,,,,,,uploaded
00335,nexar,20.150,18.515,1,stage2/videos/nexar/00335.mp4,,,,,,,,uploaded
00029,nexar,19.933,19.100,1,stage2/videos/nexar/00029.mp4,,,,,,,,uploaded
00960,nexar,19.237,17.898,1,stage2/videos/nexar/00960.mp4,,,,,,,,uploaded
00980,nexar,19.667,18.667,1,stage2/videos/nexar/00980.mp4,,,,,,,,uploaded
00148,nexar,19.233,17.300,1,stage2/videos/nexar/00148.mp4,,,,,,,,uploaded
00301,nexar,20.020,19.119,1,stage2/videos/nexar/00301.mp4,,,,,,,,uploaded
00702,nexar,20.745,17.641,1,stage2/videos/nexar/00702.mp4,,,,,,,,uploaded
00819,nexar,19.520,15.449,1,stage2/videos/nexar/00819.mp4,,,,,,,,uploaded
00459,nexar,10.524,9.991,1,stage2/videos/nexar/00459.mp4,,,,,,,,uploaded
00529,nexar,19.805,18.629,1,stage2/videos/nexar/00529.mp4,,,,,,,,uploaded
00425,nexar,19.231,17.811,1,stage2/videos/nexar/00425.mp4,,,,,,,,uploaded
00006,nexar,19.233,17.133,1,stage2/videos/nexar/00006.mp4,,,,,,,,uploaded
00617,nexar,19.661,18.453,1,stage2/videos/nexar/00617.mp4,,,,,,,,uploaded
00705,nexar,21.860,19.867,1,stage2/videos/nexar/00705.mp4,,,,,,,,uploaded
00083,nexar,10.697,8.398,1,stage2/videos/nexar/00083.mp4,,,,,,,,uploaded
00032,nexar,19.533,19.233,1,stage2/videos/nexar/00032.mp4,,,,,,,,uploaded
00861,nexar,20.900,19.367,1,stage2/videos/nexar/00861.mp4,,,,,,,,uploaded
00723,nexar,20.267,18.733,1,stage2/videos/nexar/00723.mp4,,,,,,,,uploaded
00851,nexar,19.920,19.019,1,stage2/videos/nexar/00851.mp4,,,,,,,,uploaded
00370,nexar,22.267,21.500,1,stage2/videos/nexar/00370.mp4,,,,,,,,uploaded
00355,nexar,18.600,17.800,1,stage2/videos/nexar/00355.mp4,,,,,,,,uploaded
00375,nexar,17.671,16.364,1,stage2/videos/nexar/00375.mp4,,,,,,,,uploaded
00437,nexar,20.167,19.000,1,stage2/videos/nexar/00437.mp4,,,,,,,,uploaded
00477,nexar,20.000,18.833,1,stage2/videos/nexar/00477.mp4,,,,,,,,uploaded
00077,nexar,19.964,17.645,1,stage2/videos/nexar/00077.mp4,,,,,,,,uploaded
00068,nexar,19.900,16.733,1,stage2/videos/nexar/00068.mp4,,,,,,,,uploaded
00986,nexar,20.533,20.133,1,stage2/videos/nexar/00986.mp4,,,,,,,,uploaded
00587,nexar,20.733,19.533,1,stage2/videos/nexar/00587.mp4,,,,,,,,uploaded
01037,nexar,20.550,18.048,1,stage2/videos/nexar/01037.mp4,,,,,,,,uploaded
00109,nexar,20.133,16.167,1,stage2/videos/nexar/00109.mp4,,,,,,,,uploaded
00498,nexar,19.448,17.900,1,stage2/videos/nexar/00498.mp4,,,,,,,,uploaded
00312,nexar,21.800,19.774,1,stage2/videos/nexar/00312.mp4,,,,,,,,uploaded
00673,nexar,19.167,17.333,1,stage2/videos/nexar/00673.mp4,,,,,,,,uploaded
00440,nexar,18.933,17.567,1,stage2/videos/nexar/00440.mp4,,,,,,,,uploaded
00614,nexar,21.733,19.300,1,stage2/videos/nexar/00614.mp4,,,,,,,,uploaded
00963,nexar,20.487,18.852,1,stage2/videos/nexar/00963.mp4,,,,,,,,uploaded
00450,nexar,20.285,18.946,1,stage2/videos/nexar/00450.mp4,,,,,,,,uploaded
00435,nexar,20.700,19.500,1,stage2/videos/nexar/00435.mp4,,,,,,,,uploaded
00201,nexar,18.386,18.021,1,stage2/videos/nexar/00201.mp4,,,,,,,,uploaded
00441,nexar,9.096,6.131,1,stage2/videos/nexar/00441.mp4,,,,,,,,uploaded
00300,nexar,10.064,8.464,1,stage2/videos/nexar/00300.mp4,,,,,,,,uploaded
00847,nexar,19.667,15.812,1,stage2/videos/nexar/00847.mp4,,,,,,,,uploaded
00901,nexar,18.933,17.667,1,stage2/videos/nexar/00901.mp4,,,,,,,,uploaded
00651,nexar,19.666,18.297,1,stage2/videos/nexar/00651.mp4,,,,,,,,uploaded
00056,nexar,19.400,18.900,1,stage2/videos/nexar/00056.mp4,,,,,,,,uploaded
00604,nexar,19.806,18.611,1,stage2/videos/nexar/00604.mp4,,,,,,,,uploaded
00164,nexar,10.226,9.093,1,stage2/videos/nexar/00164.mp4,,,,,,,,uploaded
00423,nexar,19.100,19.067,1,stage2/videos/nexar/00423.mp4,,,,,,,,uploaded
00410,nexar,20.900,20.067,1,stage2/videos/nexar/00410.mp4,,,,,,,,uploaded
00998,nexar,20.078,19.190,1,stage2/videos/nexar/00998.mp4,,,,,,,,uploaded
00190,nexar,18.867,15.867,1,stage2/videos/nexar/00190.mp4,,,,,,,,uploaded
00223,nexar,20.300,19.333,1,stage2/videos/nexar/00223.mp4,,,,,,,,uploaded
00284,nexar,19.802,18.658,1,stage2/videos/nexar/00284.mp4,,,,,,,,uploaded
00373,nexar,20.710,19.290,1,stage2/videos/nexar/00373.mp4,,,,,,,,uploaded
00260,nexar,20.567,18.533,1,stage2/videos/nexar/00260.mp4,,,,,,,,uploaded
00037,nexar,20.533,19.633,1,stage2/videos/nexar/00037.mp4,,,,,,,,uploaded
00340,nexar,18.032,15.871,1,stage2/videos/nexar/00340.mp4,,,,,,,,uploaded
00890,nexar,19.150,16.414,1,stage2/videos/nexar/00890.mp4,,,,,,,,uploaded
00371,nexar,20.095,19.341,1,stage2/videos/nexar/00371.mp4,,,,,,,,uploaded
00434,nexar,9.532,8.099,1,stage2/videos/nexar/00434.mp4,,,,,,,,uploaded
00206,nexar,20.733,17.467,1,stage2/videos/nexar/00206.mp4,,,,,,,,uploaded
00665,nexar,19.860,18.125,1,stage2/videos/nexar/00665.mp4,,,,,,,,uploaded
00401,nexar,21.850,21.167,1,stage2/videos/nexar/00401.mp4,,,,,,,,uploaded
00885,nexar,20.449,18.260,1,stage2/videos/nexar/00885.mp4,,,,,,,,uploaded
00985,nexar,25.667,23.767,1,stage2/videos/nexar/00985.mp4,,,,,,,,uploaded
00635,nexar,20.167,19.833,1,stage2/videos/nexar/00635.mp4,,,,,,,,uploaded
00099,nexar,17.006,15.959,1,stage2/videos/nexar/00099.mp4,,,,,,,,uploaded
00123,nexar,19.467,18.133,1,stage2/videos/nexar/00123.mp4,,,,,,,,uploaded
00771,nexar,19.398,17.928,1,stage2/videos/nexar/00771.mp4,,,,,,,,uploaded
00455,nexar,18.653,17.281,1,stage2/videos/nexar/00455.mp4,,,,,,,,uploaded
00677,nexar,20.100,18.967,1,stage2/videos/nexar/00677.mp4,,,,,,,,uploaded
00810,nexar,20.440,18.220,1,stage2/videos/nexar/00810.mp4,,,,,,,,uploaded
00181,nexar,20.049,17.934,1,stage2/videos/nexar/00181.mp4,,,,,,,,uploaded
00547,nexar,19.967,17.800,1,stage2/videos/nexar/00547.mp4,,,,,,,,uploaded
00695,nexar,20.767,17.667,1,stage2/videos/nexar/00695.mp4,,,,,,,,uploaded
00079,nexar,20.300,19.300,1,stage2/videos/nexar/00079.mp4,,,,,,,,uploaded
00334,nexar,19.083,18.400,1,stage2/videos/nexar/00334.mp4,,,,,,,,uploaded
00751,nexar,20.333,19.100,1,stage2/videos/nexar/00751.mp4,,,,,,,,uploaded
00430,nexar,19.381,18.510,1,stage2/videos/nexar/00430.mp4,,,,,,,,uploaded
00461,nexar,10.100,8.000,1,stage2/videos/nexar/00461.mp4,,,,,,,,uploaded
00940,nexar,19.962,18.492,1,stage2/videos/nexar/00940.mp4,,,,,,,,uploaded
00381,nexar,18.352,17.384,1,stage2/videos/nexar/00381.mp4,,,,,,,,uploaded
00460,nexar,20.047,18.380,1,stage2/videos/nexar/00460.mp4,,,,,,,,uploaded
00090,nexar,19.267,18.333,1,stage2/videos/nexar/00090.mp4,,,,,,,,uploaded
00645,nexar,20.833,18.867,1,stage2/videos/nexar/00645.mp4,,,,,,,,uploaded
00132,nexar,20.167,19.267,1,stage2/videos/nexar/00132.mp4,,,,,,,,uploaded
01036,nexar,21.769,19.499,1,stage2/videos/nexar/01036.mp4,,,,,,,,uploaded
00605,nexar,19.405,17.968,1,stage2/videos/nexar/00605.mp4,,,,,,,,uploaded
00040,nexar,18.433,17.400,1,stage2/videos/nexar/00040.mp4,,,,,,,,uploaded
00719,nexar,20.900,17.767,1,stage2/videos/nexar/00719.mp4,,,,,,,,uploaded
00813,nexar,20.700,18.433,1,stage2/videos/nexar/00813.mp4,,,,,,,,uploaded
00295,nexar,19.133,18.167,1,stage2/videos/nexar/00295.mp4,,,,,,,,uploaded
00773,nexar,20.100,18.967,1,stage2/videos/nexar/00773.mp4,,,,,,,,uploaded
00656,nexar,20.600,19.233,1,stage2/videos/nexar/00656.mp4,,,,,,,,uploaded
00589,nexar,19.667,18.799,1,stage2/videos/nexar/00589.mp4,,,,,,,,uploaded
00588,nexar,19.300,17.500,1,stage2/videos/nexar/00588.mp4,,,,,,,,uploaded
00540,nexar,20.747,20.158,1,stage2/videos/nexar/00540.mp4,,,,,,,,uploaded
00557,nexar,20.533,19.133,1,stage2/videos/nexar/00557.mp4,,,,,,,,uploaded
00704,nexar,18.394,17.456,1,stage2/videos/nexar/00704.mp4,,,,,,,,uploaded
00563,nexar,19.379,17.297,1,stage2/videos/nexar/00563.mp4,,,,,,,,uploaded
01000,nexar,17.937,17.152,1,stage2/videos/nexar/01000.mp4,,,,,,,,uploaded
00949,nexar,20.153,17.474,1,stage2/videos/nexar/00949.mp4,,,,,,,,uploaded
00179,nexar,20.000,18.967,1,stage2/videos/nexar/00179.mp4,,,,,,,,uploaded
00591,nexar,20.194,19.212,1,stage2/videos/nexar/00591.mp4,,,,,,,,uploaded
00755,nexar,19.033,18.233,1,stage2/videos/nexar/00755.mp4,,,,,,,,uploaded
00932,nexar,20.033,15.933,1,stage2/videos/nexar/00932.mp4,,,,,,,,uploaded
00021,nexar,20.033,18.767,1,stage2/videos/nexar/00021.mp4,,,,,,,,uploaded
00727,nexar,21.600,19.300,1,stage2/videos/nexar/00727.mp4,,,,,,,,uploaded
00263,nexar,20.050,19.333,1,stage2/videos/nexar/00263.mp4,,,,,,,,uploaded
00921,nexar,20.521,18.785,1,stage2/videos/nexar/00921.mp4,,,,,,,,uploaded
00833,nexar,9.492,8.226,1,stage2/videos/nexar/00833.mp4,,,,,,,,uploaded
00066,nexar,21.722,20.787,1,stage2/videos/nexar/00066.mp4,,,,,,,,uploaded
00431,nexar,21.783,20.400,1,stage2/videos/nexar/00431.mp4,,,,,,,,uploaded
00152,nexar,20.091,18.621,1,stage2/videos/nexar/00152.mp4,,,,,,,,uploaded
00577,nexar,22.064,20.789,1,stage2/videos/nexar/00577.mp4,,,,,,,,uploaded
00845,nexar,21.400,20.100,1,stage2/videos/nexar/00845.mp4,,,,,,,,uploaded
00776,nexar,19.818,18.089,1,stage2/videos/nexar/00776.mp4,,,,,,,,uploaded
00520,nexar,21.352,19.850,1,stage2/videos/nexar/00520.mp4,,,,,,,,uploaded
00761,nexar,18.800,17.633,1,stage2/videos/nexar/00761.mp4,,,,,,,,uploaded
00590,nexar,20.321,18.622,1,stage2/videos/nexar/00590.mp4,,,,,,,,uploaded
00802,nexar,21.336,20.323,1,stage2/videos/nexar/00802.mp4,,,,,,,,uploaded
00666,nexar,21.633,20.100,1,stage2/videos/nexar/00666.mp4,,,,,,,,uploaded
00791,nexar,19.800,18.667,1,stage2/videos/nexar/00791.mp4,,,,,,,,uploaded
00699,nexar,19.000,17.667,1,stage2/videos/nexar/00699.mp4,,,,,,,,uploaded
00868,nexar,19.004,17.398,1,stage2/videos/nexar/00868.mp4,,,,,,,,uploaded
00005,nexar,20.874,20.809,1,stage2/videos/nexar/00005.mp4,,,,,,,,uploaded
00004,nexar,19.367,19.167,1,stage2/videos/nexar/00004.mp4,,,,,,,,uploaded
00877,nexar,20.167,18.600,1,stage2/videos/nexar/00877.mp4,,,,,,,,uploaded
00319,nexar,20.067,19.533,1,stage2/videos/nexar/00319.mp4,,,,,,,,uploaded
00668,nexar,19.767,18.233,1,stage2/videos/nexar/00668.mp4,,,,,,,,uploaded
00209,nexar,18.533,17.200,1,stage2/videos/nexar/00209.mp4,,,,,,,,uploaded
00111,nexar,19.783,18.167,1,stage2/videos/nexar/00111.mp4,,,,,,,,uploaded
00202,nexar,19.633,18.167,1,stage2/videos/nexar/00202.mp4,,,,,,,,uploaded
00506,nexar,19.343,17.970,1,stage2/videos/nexar/00506.mp4,,,,,,,,uploaded
00354,nexar,19.850,18.133,1,stage2/videos/nexar/00354.mp4,,,,,,,,uploaded
00730,nexar,19.576,18.303,1,stage2/videos/nexar/00730.mp4,,,,,,,,uploaded
00731,nexar,20.433,19.367,1,stage2/videos/nexar/00731.mp4,,,,,,,,uploaded
00961,nexar,19.600,18.533,1,stage2/videos/nexar/00961.mp4,,,,,,,,uploaded
00601,nexar,18.533,17.233,1,stage2/videos/nexar/00601.mp4,,,,,,,,uploaded
00255,nexar,20.733,19.967,1,stage2/videos/nexar/00255.mp4,,,,,,,,uploaded
00031,nexar,19.100,17.733,1,stage2/videos/nexar/00031.mp4,,,,,,,,uploaded
00683,nexar,20.912,19.474,1,stage2/videos/nexar/00683.mp4,,,,,,,,uploaded
00936,nexar,19.167,17.633,1,stage2/videos/nexar/00936.mp4,,,,,,,,uploaded
00598,nexar,19.200,18.167,1,stage2/videos/nexar/00598.mp4,,,,,,,,uploaded
00343,nexar,18.826,15.689,1,stage2/videos/nexar/00343.mp4,,,,,,,,uploaded
00318,nexar,20.090,19.035,1,stage2/videos/nexar/00318.mp4,,,,,,,,uploaded
00671,nexar,10.159,7.694,1,stage2/videos/nexar/00671.mp4,,,,,,,,uploaded
00175,nexar,19.052,17.851,1,stage2/videos/nexar/00175.mp4,,,,,,,,uploaded
00955,nexar,19.533,16.900,1,stage2/videos/nexar/00955.mp4,,,,,,,,uploaded
00834,nexar,19.604,17.607,1,stage2/videos/nexar/00834.mp4,,,,,,,,uploaded
00603,nexar,18.821,17.841,1,stage2/videos/nexar/00603.mp4,,,,,,,,uploaded
00240,nexar,19.492,18.546,1,stage2/videos/nexar/00240.mp4,,,,,,,,uploaded
00388,nexar,18.320,16.651,1,stage2/videos/nexar/00388.mp4,,,,,,,,uploaded
00843,nexar,19.308,18.186,1,stage2/videos/nexar/00843.mp4,,,,,,,,uploaded
00887,nexar,19.967,19.167,1,stage2/videos/nexar/00887.mp4,,,,,,,,uploaded
01019,nexar,18.982,17.250,1,stage2/videos/nexar/01019.mp4,,,,,,,,uploaded
00722,nexar,20.533,17.267,1,stage2/videos/nexar/00722.mp4,,,,,,,,uploaded
00904,nexar,19.209,18.523,1,stage2/videos/nexar/00904.mp4,,,,,,,,uploaded
00785,nexar,19.933,18.533,1,stage2/videos/nexar/00785.mp4,,,,,,,,uploaded
00014,nexar,19.067,18.400,1,stage2/videos/nexar/00014.mp4,,,,,,,,uploaded
00593,nexar,19.333,17.667,1,stage2/videos/nexar/00593.mp4,,,,,,,,uploaded
00869,nexar,19.833,18.267,1,stage2/videos/nexar/00869.mp4,,,,,,,,uploaded
00015,nexar,19.700,17.667,1,stage2/videos/nexar/00015.mp4,,,,,,,,uploaded
00621,nexar,25.700,22.133,1,stage2/videos/nexar/00621.mp4,,,,,,,,uploaded
00049,nexar,19.399,18.264,1,stage2/videos/nexar/00049.mp4,,,,,,,,uploaded
01003,nexar,20.509,17.962,1,stage2/videos/nexar/01003.mp4,,,,,,,,uploaded
00167,nexar,20.000,18.233,1,stage2/videos/nexar/00167.mp4,,,,,,,,uploaded
00669,nexar,20.232,18.140,1,stage2/videos/nexar/00669.mp4,,,,,,,,uploaded
00117,nexar,19.133,18.967,1,stage2/videos/nexar/00117.mp4,,,,,,,,uploaded
00690,nexar,21.133,17.033,1,stage2/videos/nexar/00690.mp4,,,,,,,,uploaded
00494,nexar,19.796,18.849,1,stage2/videos/nexar/00494.mp4,,,,,,,,uploaded
00857,nexar,20.878,18.591,1,stage2/videos/nexar/00857.mp4,,,,,,,,uploaded
00599,nexar,20.967,19.500,1,stage2/videos/nexar/00599.mp4,,,,,,,,uploaded
00235,nexar,9.177,7.228,1,stage2/videos/nexar/00235.mp4,,,,,,,,uploaded
00369,nexar,20.167,17.700,1,stage2/videos/nexar/00369.mp4,,,,,,,,uploaded
00057,nexar,20.317,19.133,1,stage2/videos/nexar/00057.mp4,,,,,,,,uploaded
00071,nexar,19.833,18.933,1,stage2/videos/nexar/00071.mp4,,,,,,,,uploaded
00026,nexar,9.796,6.997,1,stage2/videos/nexar/00026.mp4,,,,,,,,uploaded
00729,nexar,19.132,17.859,1,stage2/videos/nexar/00729.mp4,,,,,,,,uploaded
00897,nexar,19.700,16.667,1,stage2/videos/nexar/00897.mp4,,,,,,,,uploaded
00856,nexar,9.831,7.465,1,stage2/videos/nexar/00856.mp4,,,,,,,,uploaded
00607,nexar,18.805,14.608,1,stage2/videos/nexar/00607.mp4,,,,,,,,uploaded
00947,nexar,19.733,18.567,1,stage2/videos/nexar/00947.mp4,,,,,,,,uploaded
00902,nexar,20.367,18.800,1,stage2/videos/nexar/00902.mp4,,,,,,,,uploaded
00622,nexar,10.828,9.562,1,stage2/videos/nexar/00622.mp4,,,,,,,,uploaded
00854,nexar,19.432,18.263,1,stage2/videos/nexar/00854.mp4,,,,,,,,uploaded
00643,nexar,20.501,19.032,1,stage2/videos/nexar/00643.mp4,,,,,,,,uploaded
00013,nexar,20.567,18.600,1,stage2/videos/nexar/00013.mp4,,,,,,,,uploaded
00562,nexar,20.633,18.933,1,stage2/videos/nexar/00562.mp4,,,,,,,,uploaded
00976,nexar,19.887,18.352,1,stage2/videos/nexar/00976.mp4,,,,,,,,uploaded
00298,nexar,20.641,19.073,1,stage2/videos/nexar/00298.mp4,,,,,,,,uploaded
01013,nexar,19.300,18.833,1,stage2/videos/nexar/01013.mp4,,,,,,,,uploaded
00881,nexar,17.235,16.876,1,stage2/videos/nexar/00881.mp4,,,,,,,,uploaded
00131,nexar,19.581,18.645,1,stage2/videos/nexar/00131.mp4,,,,,,,,uploaded
00469,nexar,18.489,17.471,1,stage2/videos/nexar/00469.mp4,,,,,,,,uploaded
00214,nexar,21.157,20.341,1,stage2/videos/nexar/00214.mp4,,,,,,,,uploaded
00831,nexar,18.250,17.367,1,stage2/videos/nexar/00831.mp4,,,,,,,,uploaded
00173,nexar,9.263,6.397,1,stage2/videos/nexar/00173.mp4,,,,,,,,uploaded
00124,nexar,20.733,20.000,1,stage2/videos/nexar/00124.mp4,,,,,,,,uploaded
00543,nexar,19.867,18.333,1,stage2/videos/nexar/00543.mp4,,,,,,,,uploaded
00108,nexar,19.300,18.233,1,stage2/videos/nexar/00108.mp4,,,,,,,,uploaded
00777,nexar,20.515,17.871,1,stage2/videos/nexar/00777.mp4,,,,,,,,uploaded
01035,nexar,20.293,17.352,1,stage2/videos/nexar/01035.mp4,,,,,,,,uploaded
00882,nexar,19.316,16.747,1,stage2/videos/nexar/00882.mp4,,,,,,,,uploaded
00745,nexar,19.833,18.933,1,stage2/videos/nexar/00745.mp4,,,,,,,,uploaded
00664,nexar,20.833,19.433,1,stage2/videos/nexar/00664.mp4,,,,,,,,uploaded
00216,nexar,18.267,16.767,1,stage2/videos/nexar/00216.mp4,,,,,,,,uploaded
00158,nexar,22.867,20.733,1,stage2/videos/nexar/00158.mp4,,,,,,,,uploaded
00889,nexar,21.833,19.100,1,stage2/videos/nexar/00889.mp4,,,,,,,,uploaded
00151,nexar,20.320,18.252,1,stage2/videos/nexar/00151.mp4,,,,,,,,uploaded
00586,nexar,20.179,17.699,1,stage2/videos/nexar/00586.mp4,,,,,,,,uploaded
00189,nexar,20.335,18.098,1,stage2/videos/nexar/00189.mp4,,,,,,,,uploaded
00155,nexar,19.221,17.310,1,stage2/videos/nexar/00155.mp4,,,,,,,,uploaded
00694,nexar,18.800,16.600,1,stage2/videos/nexar/00694.mp4,,,,,,,,uploaded
00638,nexar,17.573,14.601,1,stage2/videos/nexar/00638.mp4,,,,,,,,uploaded
00891,nexar,19.233,17.700,1,stage2/videos/nexar/00891.mp4,,,,,,,,uploaded
00226,nexar,19.433,18.333,1,stage2/videos/nexar/00226.mp4,,,,,,,,uploaded
00965,nexar,21.198,21.068,1,stage2/videos/nexar/00965.mp4,,,,,,,,uploaded
00667,nexar,18.033,17.067,1,stage2/videos/nexar/00667.mp4,,,,,,,,uploaded
00991,nexar,19.300,18.367,1,stage2/videos/nexar/00991.mp4,,,,,,,,uploaded
00538,nexar,19.883,18.700,1,stage2/videos/nexar/00538.mp4,,,,,,,,uploaded
00330,nexar,20.433,19.567,1,stage2/videos/nexar/00330.mp4,,,,,,,,uploaded
00763,nexar,19.300,17.633,1,stage2/videos/nexar/00763.mp4,,,,,,,,uploaded
00105,nexar,20.100,19.267,1,stage2/videos/nexar/00105.mp4,,,,,,,,uploaded
01011,nexar,19.866,17.961,1,stage2/videos/nexar/01011.mp4,,,,,,,,uploaded
00320,nexar,20.600,18.733,1,stage2/videos/nexar/00320.mp4,,,,,,,,uploaded
00141,nexar,20.619,19.835,1,stage2/videos/nexar/00141.mp4,,,,,,,,uploaded
00783,nexar,21.265,20.350,1,stage2/videos/nexar/00783.mp4,,,,,,,,uploaded
00630,nexar,19.926,16.104,1,stage2/videos/nexar/00630.mp4,,,,,,,,uploaded
00709,nexar,20.333,18.800,1,stage2/videos/nexar/00709.mp4,,,,,,,,uploaded
00931,nexar,19.633,17.600,1,stage2/videos/nexar/00931.mp4,,,,,,,,uploaded
00682,nexar,19.700,18.533,1,stage2/videos/nexar/00682.mp4,,,,,,,,uploaded
00184,nexar,21.633,21.500,1,stage2/videos/nexar/00184.mp4,,,,,,,,uploaded
00580,nexar,20.900,19.533,1,stage2/videos/nexar/00580.mp4,,,,,,,,uploaded
00044,nexar,20.100,19.333,1,stage2/videos/nexar/00044.mp4,,,,,,,,uploaded
00910,nexar,19.067,17.533,1,stage2/videos/nexar/00910.mp4,,,,,,,,uploaded
00978,nexar,20.219,16.496,1,stage2/videos/nexar/00978.mp4,,,,,,,,uploaded
00225,nexar,21.050,19.667,1,stage2/videos/nexar/00225.mp4,,,,,,,,uploaded
00913,nexar,18.967,17.067,1,stage2/videos/nexar/00913.mp4,,,,,,,,uploaded
00928,nexar,19.500,17.667,1,stage2/videos/nexar/00928.mp4,,,,,,,,uploaded
00639,nexar,19.953,17.951,1,stage2/videos/nexar/00639.mp4,,,,,,,,uploaded
00873,nexar,19.861,17.983,1,stage2/videos/nexar/00873.mp4,,,,,,,,uploaded
00310,nexar,20.963,20.106,1,stage2/videos/nexar/00310.mp4,,,,,,,,uploaded
00061,nexar,18.833,16.733,1,stage2/videos/nexar/00061.mp4,,,,,,,,uploaded
00995,nexar,20.033,18.767,1,stage2/videos/nexar/00995.mp4,,,,,,,,uploaded
00937,nexar,20.167,18.300,1,stage2/videos/nexar/00937.mp4,,,,,,,,uploaded
00528,nexar,56.800,55.467,1,stage2/videos/nexar/00528.mp4,,,,,,,,uploaded
00943,nexar,15.689,14.284,1,stage2/videos/nexar/00943.mp4,,,,,,,,uploaded
00618,nexar,20.167,18.867,1,stage2/videos/nexar/00618.mp4,,,,,,,,uploaded
00493,nexar,19.433,17.433,1,stage2/videos/nexar/00493.mp4,,,,,,,,uploaded
00602,nexar,18.933,16.033,1,stage2/videos/nexar/00602.mp4,,,,,,,,uploaded
00149,nexar,21.433,19.033,1,stage2/videos/nexar/00149.mp4,,,,,,,,uploaded
00324,nexar,20.050,19.167,1,stage2/videos/nexar/00324.mp4,,,,,,,,uploaded
00688,nexar,19.306,16.192,1,stage2/videos/nexar/00688.mp4,,,,,,,,uploaded
00237,nexar,19.267,15.167,1,stage2/videos/nexar/00237.mp4,,,,,,,,uploaded
00064,nexar,8.167,7.567,1,stage2/videos/nexar/00064.mp4,,,,,,,,uploaded
00488,nexar,23.600,19.833,1,stage2/videos/nexar/00488.mp4,,,,,,,,uploaded
00380,nexar,19.433,18.967,1,stage2/videos/nexar/00380.mp4,,,,,,,,uploaded
00387,nexar,16.847,15.159,1,stage2/videos/nexar/00387.mp4,,,,,,,,uploaded
00657,nexar,11.299,9.332,1,stage2/videos/nexar/00657.mp4,,,,,,,,uploaded
00144,nexar,20.233,18.300,1,stage2/videos/nexar/00144.mp4,,,,,,,,uploaded
00670,nexar,21.852,20.507,1,stage2/videos/nexar/00670.mp4,,,,,,,,uploaded
00467,nexar,19.600,19.433,1,stage2/videos/nexar/00467.mp4,,,,,,,,uploaded
00289,nexar,20.500,19.167,1,stage2/videos/nexar/00289.mp4,,,,,,,,uploaded
00697,nexar,18.933,18.700,1,stage2/videos/nexar/00697.mp4,,,,,,,,uploaded
00967,nexar,9.362,7.629,1,stage2/videos/nexar/00967.mp4,,,,,,,,uploaded
00110,nexar,19.164,16.087,1,stage2/videos/nexar/00110.mp4,,,,,,,,uploaded
00019,nexar,19.896,19.341,1,stage2/videos/nexar/00019.mp4,,,,,,,,uploaded
00022,nexar,19.433,18.267,1,stage2/videos/nexar/00022.mp4,,,,,,,,uploaded
00898,nexar,19.700,18.498,1,stage2/videos/nexar/00898.mp4,,,,,,,,uploaded
00417,nexar,10.058,9.059,1,stage2/videos/nexar/00417.mp4,,,,,,,,uploaded
00270,nexar,20.333,18.667,1,stage2/videos/nexar/00270.mp4,,,,,,,,uploaded
00251,nexar,18.682,18.306,1,stage2/videos/nexar/00251.mp4,,,,,,,,uploaded
00918,nexar,20.381,19.903,1,stage2/videos/nexar/00918.mp4,,,,,,,,uploaded
00970,nexar,19.902,17.026,1,stage2/videos/nexar/00970.mp4,,,,,,,,uploaded
01024,nexar,20.667,17.633,1,stage2/videos/nexar/01024.mp4,,,,,,,,uploaded
00143,nexar,20.074,18.929,1,stage2/videos/nexar/00143.mp4,,,,,,,,uploaded
00742,nexar,20.168,19.431,1,stage2/videos/nexar/00742.mp4,,,,,,,,uploaded
00016,nexar,19.771,17.861,1,stage2/videos/nexar/00016.mp4,,,,,,,,uploaded
00036,nexar,22.174,21.412,1,stage2/videos/nexar/00036.mp4,,,,,,,,uploaded
00503,nexar,19.400,16.033,1,stage2/videos/nexar/00503.mp4,,,,,,,,uploaded
00084,nexar,20.354,18.460,1,stage2/videos/nexar/00084.mp4,,,,,,,,uploaded
00046,nexar,19.933,17.700,1,stage2/videos/nexar/00046.mp4,,,,,,,,uploaded
00762,nexar,20.400,18.300,1,stage2/videos/nexar/00762.mp4,,,,,,,,uploaded
00102,nexar,18.067,16.833,1,stage2/videos/nexar/00102.mp4,,,,,,,,uploaded
00254,nexar,18.533,17.200,1,stage2/videos/nexar/00254.mp4,,,,,,,,uploaded
00122,nexar,20.217,19.448,1,stage2/videos/nexar/00122.mp4,,,,,,,,uploaded
00376,nexar,19.993,19.144,1,stage2/videos/nexar/00376.mp4,,,,,,,,uploaded
01031,nexar,9.633,9.067,1,stage2/videos/nexar/01031.mp4,,,,,,,,uploaded
00411,nexar,17.300,16.700,1,stage2/videos/nexar/00411.mp4,,,,,,,,uploaded
00405,nexar,20.033,17.295,1,stage2/videos/nexar/00405.mp4,,,,,,,,uploaded
00166,nexar,19.816,18.407,1,stage2/videos/nexar/00166.mp4,,,,,,,,uploaded
00642,nexar,18.721,17.865,1,stage2/videos/nexar/00642.mp4,,,,,,,,uploaded
00707,nexar,20.764,18.589,1,stage2/videos/nexar/00707.mp4,,,,,,,,uploaded
00308,nexar,19.802,16.572,1,stage2/videos/nexar/00308.mp4,,,,,,,,uploaded
00135,nexar,19.300,19.067,1,stage2/videos/nexar/00135.mp4,,,,,,,,uploaded
00691,nexar,19.933,18.867,1,stage2/videos/nexar/00691.mp4,,,,,,,,uploaded
00085,nexar,18.967,18.567,1,stage2/videos/nexar/00085.mp4,,,,,,,,uploaded
00059,nexar,18.933,18.600,1,stage2/videos/nexar/00059.mp4,,,,,,,,uploaded
00217,nexar,19.900,18.967,1,stage2/videos/nexar/00217.mp4,,,,,,,,uploaded
00644,nexar,20.909,18.981,1,stage2/videos/nexar/00644.mp4,,,,,,,,uploaded
00418,nexar,20.033,18.400,1,stage2/videos/nexar/00418.mp4,,,,,,,,uploaded
00584,nexar,20.233,15.767,1,stage2/videos/nexar/00584.mp4,,,,,,,,uploaded
00082,nexar,20.167,17.433,1,stage2/videos/nexar/00082.mp4,,,,,,,,uploaded
00823,nexar,36.400,34.900,1,stage2/videos/nexar/00823.mp4,,,,,,,,uploaded
00983,nexar,13.778,10.075,1,stage2/videos/nexar/00983.mp4,,,,,,,,uploaded
00754,nexar,20.200,18.300,1,stage2/videos/nexar/00754.mp4,,,,,,,,uploaded
00820,nexar,20.100,17.900,1,stage2/videos/nexar/00820.mp4,,,,,,,,uploaded
00703,nexar,20.733,19.033,1,stage2/videos/nexar/00703.mp4,,,,,,,,uploaded
00133,nexar,19.903,18.276,1,stage2/videos/nexar/00133.mp4,,,,,,,,uploaded
00282,nexar,19.367,17.900,1,stage2/videos/nexar/00282.mp4,,,,,,,,uploaded
00194,nexar,20.329,17.290,1,stage2/videos/nexar/00194.mp4,,,,,,,,uploaded
01039,nexar,19.967,19.267,1,stage2/videos/nexar/01039.mp4,,,,,,,,uploaded
00395,nexar,20.028,19.601,1,stage2/videos/nexar/00395.mp4,,,,,,,,uploaded
00180,nexar,20.800,19.833,1,stage2/videos/nexar/00180.mp4,,,,,,,,uploaded
00909,nexar,21.302,18.998,1,stage2/videos/nexar/00909.mp4,,,,,,,,uploaded
00769,nexar,20.433,18.700,1,stage2/videos/nexar/00769.mp4,,,,,,,,uploaded
00594,nexar,19.282,18.269,1,stage2/videos/nexar/00594.mp4,,,,,,,,uploaded
00784,nexar,18.500,17.367,1,stage2/videos/nexar/00784.mp4,,,,,,,,uploaded
00827,nexar,20.300,19.133,1,stage2/videos/nexar/00827.mp4,,,,,,,,uploaded
00828,nexar,20.167,19.000,1,stage2/videos/nexar/00828.mp4,,,,,,,,uploaded
00570,nexar,19.767,17.567,1,stage2/videos/nexar/00570.mp4,,,,,,,,uploaded
00715,nexar,19.572,16.894,1,stage2/videos/nexar/00715.mp4,,,,,,,,uploaded
00195,nexar,19.933,19.300,1,stage2/videos/nexar/00195.mp4,,,,,,,,uploaded
00565,nexar,19.867,18.800,1,stage2/videos/nexar/00565.mp4,,,,,,,,uploaded
00429,nexar,20.133,20.033,1,stage2/videos/nexar/00429.mp4,,,,,,,,uploaded
00496,nexar,19.220,17.817,1,stage2/videos/nexar/00496.mp4,,,,,,,,uploaded
00968,nexar,21.567,19.133,1,stage2/videos/nexar/00968.mp4,,,,,,,,uploaded
00331,nexar,19.511,18.008,1,stage2/videos/nexar/00331.mp4,,,,,,,,uploaded
00661,nexar,20.400,17.100,1,stage2/videos/nexar/00661.mp4,,,,,,,,uploaded
00063,nexar,19.550,17.800,1,stage2/videos/nexar/00063.mp4,,,,,,,,uploaded
00546,nexar,20.267,18.567,1,stage2/videos/nexar/00546.mp4,,,,,,,,uploaded
00078,nexar,18.933,18.000,1,stage2/videos/nexar/00078.mp4,,,,,,,,uploaded
00735,nexar,20.200,19.500,1,stage2/videos/nexar/00735.mp4,,,,,,,,uploaded
00269,nexar,19.768,18.755,1,stage2/videos/nexar/00269.mp4,,,,,,,,uploaded
00294,nexar,19.600,16.533,1,stage2/videos/nexar/00294.mp4,,,,,,,,uploaded
00997,nexar,21.432,17.684,1,stage2/videos/nexar/00997.mp4,,,,,,,,uploaded
00838,nexar,9.192,5.762,1,stage2/videos/nexar/00838.mp4,,,,,,,,uploaded
00658,nexar,19.247,18.846,1,stage2/videos/nexar/00658.mp4,,,,,,,,uploaded
00138,nexar,19.600,17.700,1,stage2/videos/nexar/00138.mp4,,,,,,,,uploaded
00608,nexar,19.914,16.892,1,stage2/videos/nexar/00608.mp4,,,,,,,,uploaded
00023,nexar,19.900,18.967,1,stage2/videos/nexar/00023.mp4,,,,,,,,uploaded
00224,nexar,19.367,17.633,1,stage2/videos/nexar/00224.mp4,,,,,,,,uploaded
00160,nexar,19.833,17.567,1,stage2/videos/nexar/00160.mp4,,,,,,,,uploaded
00626,nexar,19.867,18.333,1,stage2/videos/nexar/00626.mp4,,,,,,,,uploaded
00244,nexar,19.387,18.258,1,stage2/videos/nexar/00244.mp4,,,,,,,,uploaded
00623,nexar,20.058,19.568,1,stage2/videos/nexar/00623.mp4,,,,,,,,uploaded
00444,nexar,19.250,16.433,1,stage2/videos/nexar/00444.mp4,,,,,,,,uploaded
00393,nexar,20.000,18.000,1,stage2/videos/nexar/00393.mp4,,,,,,,,uploaded
00872,nexar,19.467,18.533,1,stage2/videos/nexar/00872.mp4,,,,,,,,uploaded
00443,nexar,19.000,16.968,1,stage2/videos/nexar/00443.mp4,,,,,,,,uploaded
00000,nexar,20.760,19.136,1,stage2/videos/nexar/00000.mp4,,,,,,,,uploaded
00349,nexar,20.152,18.159,1,stage2/videos/nexar/00349.mp4,,,,,,,,uploaded
00466,nexar,19.033,17.600,1,stage2/videos/nexar/00466.mp4,,,,,,,,uploaded
00283,nexar,9.896,8.763,1,stage2/videos/nexar/00283.mp4,,,,,,,,uploaded
00449,nexar,20.547,19.598,1,stage2/videos/nexar/00449.mp4,,,,,,,,uploaded
00517,nexar,12.849,11.177,1,stage2/videos/nexar/00517.mp4,,,,,,,,uploaded
00740,nexar,21.233,18.533,1,stage2/videos/nexar/00740.mp4,,,,,,,,uploaded
00640,nexar,20.432,17.657,1,stage2/videos/nexar/00640.mp4,,,,,,,,uploaded
00911,nexar,19.122,18.162,1,stage2/videos/nexar/00911.mp4,,,,,,,,uploaded
00522,nexar,19.825,16.526,1,stage2/videos/nexar/00522.mp4,,,,,,,,uploaded
00958,nexar,19.081,17.611,1,stage2/videos/nexar/00958.mp4,,,,,,,,uploaded
00747,nexar,19.667,17.800,1,stage2/videos/nexar/00747.mp4,,,,,,,,uploaded
00252,nexar,18.950,17.333,1,stage2/videos/nexar/00252.mp4,,,,,,,,uploaded
00366,nexar,19.967,17.433,1,stage2/videos/nexar/00366.mp4,,,,,,,,uploaded
00177,nexar,19.667,19.067,1,stage2/videos/nexar/00177.mp4,,,,,,,,uploaded
00361,nexar,19.852,18.312,1,stage2/videos/nexar/00361.mp4,,,,,,,,uploaded
00060,nexar,19.859,17.279,1,stage2/videos/nexar/00060.mp4,,,,,,,,uploaded
00407,nexar,20.717,18.833,1,stage2/videos/nexar/00407.mp4,,,,,,,,uploaded
00966,nexar,19.728,16.110,1,stage2/videos/nexar/00966.mp4,,,,,,,,uploaded
00567,nexar,18.323,17.174,1,stage2/videos/nexar/00567.mp4,,,,,,,,uploaded
00737,nexar,20.500,19.667,1,stage2/videos/nexar/00737.mp4,,,,,,,,uploaded
00228,nexar,20.096,19.017,1,stage2/videos/nexar/00228.mp4,,,,,,,,uploaded
00573,nexar,10.124,8.293,1,stage2/videos/nexar/00573.mp4,,,,,,,,uploaded
00895,nexar,20.586,18.887,1,stage2/videos/nexar/00895.mp4,,,,,,,,uploaded
00774,nexar,20.400,19.400,1,stage2/videos/nexar/00774.mp4,,,,,,,,uploaded
00678,nexar,10.167,7.600,1,stage2/videos/nexar/00678.mp4,,,,,,,,uploaded
00824,nexar,20.521,18.082,1,stage2/videos/nexar/00824.mp4,,,,,,,,uploaded
00345,nexar,19.467,17.933,1,stage2/videos/nexar/00345.mp4,,,,,,,,uploaded
00818,nexar,19.133,17.867,1,stage2/videos/nexar/00818.mp4,,,,,,,,uploaded
00866,nexar,20.767,18.200,1,stage2/videos/nexar/00866.mp4,,,,,,,,uploaded
00788,nexar,19.530,18.387,1,stage2/videos/nexar/00788.mp4,,,,,,,,uploaded
00556,nexar,20.888,19.019,1,stage2/videos/nexar/00556.mp4,,,,,,,,uploaded
00875,nexar,21.051,19.346,1,stage2/videos/nexar/00875.mp4,,,,,,,,uploaded
00317,nexar,7.333,5.533,1,stage2/videos/nexar/00317.mp4,,,,,,,,uploaded
00915,nexar,10.659,8.760,1,stage2/videos/nexar/00915.mp4,,,,,,,,uploaded
00106,nexar,18.100,16.900,1,stage2/videos/nexar/00106.mp4,,,,,,,,uploaded
00675,nexar,19.200,18.500,1,stage2/videos/nexar/00675.mp4,,,,,,,,uploaded
00714,nexar,19.465,18.194,1,stage2/videos/nexar/00714.mp4,,,,,,,,uploaded
00392,nexar,20.090,19.379,1,stage2/videos/nexar/00392.mp4,,,,,,,,uploaded
00846,nexar,19.231,16.946,1,stage2/videos/nexar/00846.mp4,,,,,,,,uploaded
00527,nexar,20.600,17.800,1,stage2/videos/nexar/00527.mp4,,,,,,,,uploaded
00130,nexar,19.600,18.000,1,stage2/videos/nexar/00130.mp4,,,,,,,,uploaded
00512,nexar,18.915,16.912,1,stage2/videos/nexar/00512.mp4,,,,,,,,uploaded
00957,nexar,19.719,18.670,1,stage2/videos/nexar/00957.mp4,,,,,,,,uploaded
00836,nexar,19.016,17.415,1,stage2/videos/nexar/00836.mp4,,,,,,,,uploaded
00329,nexar,19.233,17.833,1,stage2/videos/nexar/00329.mp4,,,,,,,,uploaded
00906,nexar,18.933,18.033,1,stage2/videos/nexar/00906.mp4,,,,,,,,uploaded
00805,nexar,19.335,17.702,1,stage2/videos/nexar/00805.mp4,,,,,,,,uploaded
00453,nexar,20.150,18.419,1,stage2/videos/nexar/00453.mp4,,,,,,,,uploaded
00926,nexar,20.800,19.400,1,stage2/videos/nexar/00926.mp4,,,,,,,,uploaded
00692,nexar,20.416,17.639,1,stage2/videos/nexar/00692.mp4,,,,,,,,uploaded
00125,nexar,20.624,19.873,1,stage2/videos/nexar/00125.mp4,,,,,,,,uploaded
00097,nexar,19.949,19.916,1,stage2/videos/nexar/00097.mp4,,,,,,,,uploaded
00247,nexar,18.912,16.495,1,stage2/videos/nexar/00247.mp4,,,,,,,,uploaded
00398,nexar,19.700,17.733,1,stage2/videos/nexar/00398.mp4,,,,,,,,uploaded
00655,nexar,22.180,20.998,1,stage2/videos/nexar/00655.mp4,,,,,,,,uploaded
00018,nexar,20.683,20.367,1,stage2/videos/nexar/00018.mp4,,,,,,,,uploaded
00344,nexar,19.947,17.462,1,stage2/videos/nexar/00344.mp4,,,,,,,,uploaded
00990,nexar,19.836,19.019,1,stage2/videos/nexar/00990.mp4,,,,,,,,uploaded
00917,nexar,21.667,18.133,1,stage2/videos/nexar/00917.mp4,,,,,,,,uploaded
00568,nexar,19.600,18.367,1,stage2/videos/nexar/00568.mp4,,,,,,,,uploaded
00311,nexar,18.714,14.533,1,stage2/videos/nexar/00311.mp4,,,,,,,,uploaded
00739,nexar,19.308,16.825,1,stage2/videos/nexar/00739.mp4,,,,,,,,uploaded
00039,nexar,19.067,17.600,1,stage2/videos/nexar/00039.mp4,,,,,,,,uploaded
00865,nexar,19.167,18.667,1,stage2/videos/nexar/00865.mp4,,,,,,,,uploaded
00427,nexar,18.560,17.241,1,stage2/videos/nexar/00427.mp4,,,,,,,,uploaded
01002,nexar,20.085,19.047,1,stage2/videos/nexar/01002.mp4,,,,,,,,uploaded
00636,nexar,18.757,17.091,1,stage2/videos/nexar/00636.mp4,,,,,,,,uploaded
00416,nexar,20.340,19.459,1,stage2/videos/nexar/00416.mp4,,,,,,,,uploaded
00539,nexar,19.488,18.411,1,stage2/videos/nexar/00539.mp4,,,,,,,,uploaded
00809,nexar,20.067,17.900,1,stage2/videos/nexar/00809.mp4,,,,,,,,uploaded
00830,nexar,19.665,19.109,1,stage2/videos/nexar/00830.mp4,,,,,,,,uploaded
00832,nexar,20.000,19.000,1,stage2/videos/nexar/00832.mp4,,,,,,,,uploaded
00863,nexar,19.395,16.997,1,stage2/videos/nexar/00863.mp4,,,,,,,,uploaded
00483,nexar,19.783,18.700,1,stage2/videos/nexar/00483.mp4,,,,,,,,uploaded
00491,nexar,20.100,18.867,1,stage2/videos/nexar/00491.mp4,,,,,,,,uploaded
00024,nexar,20.533,19.567,1,stage2/videos/nexar/00024.mp4,,,,,,,,uploaded
00363,nexar,19.107,17.637,1,stage2/videos/nexar/00363.mp4,,,,,,,,uploaded
00581,nexar,19.910,18.139,1,stage2/videos/nexar/00581.mp4,,,,,,,,uploaded
00606,nexar,19.500,18.233,1,stage2/videos/nexar/00606.mp4,,,,,,,,uploaded
00789,nexar,20.357,18.723,1,stage2/videos/nexar/00789.mp4,,,,,,,,uploaded
00627,nexar,20.333,18.967,1,stage2/videos/nexar/00627.mp4,,,,,,,,uploaded
00741,nexar,19.794,18.814,1,stage2/videos/nexar/00741.mp4,,,,,,,,uploaded
00495,nexar,19.217,17.033,1,stage2/videos/nexar/00495.mp4,,,,,,,,uploaded
00287,nexar,20.115,18.450,1,stage2/videos/nexar/00287.mp4,,,,,,,,uploaded
00458,nexar,19.067,17.233,1,stage2/videos/nexar/00458.mp4,,,,,,,,uploaded
00526,nexar,19.466,18.061,1,stage2/videos/nexar/00526.mp4,,,,,,,,uploaded
00713,nexar,9.564,8.498,1,stage2/videos/nexar/00713.mp4,,,,,,,,uploaded
00859,nexar,19.892,18.422,1,stage2/videos/nexar/00859.mp4,,,,,,,,uploaded
00089,nexar,20.367,19.299,1,stage2/videos/nexar/00089.mp4,,,,,,,,uploaded
00342,nexar,19.567,18.333,1,stage2/videos/nexar/00342.mp4,,,,,,,,uploaded
00596,nexar,20.567,17.367,1,stage2/videos/nexar/00596.mp4,,,,,,,,uploaded
00339,nexar,20.545,19.347,1,stage2/videos/nexar/00339.mp4,,,,,,,,uploaded
01028,nexar,9.532,7.133,1,stage2/videos/nexar/01028.mp4,,,,,,,,uploaded
00972,nexar,15.602,14.544,1,stage2/videos/nexar/00972.mp4,,,,,,,,uploaded
00700,nexar,19.920,18.252,1,stage2/videos/nexar/00700.mp4,,,,,,,,uploaded
00624,nexar,20.800,20.000,1,stage2/videos/nexar/00624.mp4,,,,,,,,uploaded
00923,nexar,19.471,17.344,1,stage2/videos/nexar/00923.mp4,,,,,,,,uploaded
01012,nexar,21.367,17.867,1,stage2/videos/nexar/01012.mp4,,,,,,,,uploaded
00153,nexar,20.554,17.651,1,stage2/videos/nexar/00153.mp4,,,,,,,,uploaded
00341,nexar,19.481,16.975,1,stage2/videos/nexar/00341.mp4,,,,,,,,uploaded
00579,nexar,22.752,21.549,1,stage2/videos/nexar/00579.mp4,,,,,,,,uploaded
00234,nexar,9.895,6.630,1,stage2/videos/nexar/00234.mp4,,,,,,,,uploaded
00583,nexar,20.744,18.816,1,stage2/videos/nexar/00583.mp4,,,,,,,,uploaded
00456,nexar,18.733,17.600,1,stage2/videos/nexar/00456.mp4,,,,,,,,uploaded
00095,nexar,9.531,8.831,1,stage2/videos/nexar/00095.mp4,,,,,,,,uploaded
00424,nexar,20.167,18.233,1,stage2/videos/nexar/00424.mp4,,,,,,,,uploaded
00041,nexar,20.167,18.500,1,stage2/videos/nexar/00041.mp4,,,,,,,,uploaded
00988,nexar,9.964,8.798,1,stage2/videos/nexar/00988.mp4,,,,,,,,uploaded
00981,nexar,20.804,17.052,1,stage2/videos/nexar/00981.mp4,,,,,,,,uploaded
00142,nexar,20.921,19.486,1,stage2/videos/nexar/00142.mp4,,,,,,,,uploaded
00835,nexar,20.433,19.267,1,stage2/videos/nexar/00835.mp4,,,,,,,,uploaded
00650,nexar,18.867,14.600,1,stage2/videos/nexar/00650.mp4,,,,,,,,uploaded
00276,nexar,19.550,18.733,1,stage2/videos/nexar/00276.mp4,,,,,,,,uploaded
00849,nexar,20.800,18.100,1,stage2/videos/nexar/00849.mp4,,,,,,,,uploaded
00232,nexar,19.033,17.333,1,stage2/videos/nexar/00232.mp4,,,,,,,,uploaded
00147,nexar,19.517,18.367,1,stage2/videos/nexar/00147.mp4,,,,,,,,uploaded
00744,nexar,19.015,18.492,1,stage2/videos/nexar/00744.mp4,,,,,,,,uploaded
00351,nexar,19.067,16.633,1,stage2/videos/nexar/00351.mp4,,,,,,,,uploaded
00609,nexar,20.977,19.768,1,stage2/videos/nexar/00609.mp4,,,,,,,,uploaded
00403,nexar,18.336,18.303,1,stage2/videos/nexar/00403.mp4,,,,,,,,uploaded
00793,nexar,20.367,16.533,1,stage2/videos/nexar/00793.mp4,,,,,,,,uploaded
00693,nexar,20.194,19.181,1,stage2/videos/nexar/00693.mp4,,,,,,,,uploaded
00103,nexar,20.467,19.400,1,stage2/videos/nexar/00103.mp4,,,,,,,,uploaded
00129,nexar,20.567,19.733,1,stage2/videos/nexar/00129.mp4,,,,,,,,uploaded
00275,nexar,10.166,8.466,1,stage2/videos/nexar/00275.mp4,,,,,,,,uploaded
00633,nexar,21.667,18.133,1,stage2/videos/nexar/00633.mp4,,,,,,,,uploaded
00172,nexar,18.433,17.800,1,stage2/videos/nexar/00172.mp4,,,,,,,,uploaded
00571,nexar,20.358,19.084,1,stage2/videos/nexar/00571.mp4,,,,,,,,uploaded
00027,nexar,19.567,17.800,1,stage2/videos/nexar/00027.mp4,,,,,,,,uploaded
00307,nexar,20.367,19.133,1,stage2/videos/nexar/00307.mp4,,,,,,,,uploaded
00264,nexar,19.231,16.905,1,stage2/videos/nexar/00264.mp4,,,,,,,,uploaded
00136,nexar,19.150,16.507,1,stage2/videos/nexar/00136.mp4,,,,,,,,uploaded
00816,nexar,21.267,20.200,1,stage2/videos/nexar/00816.mp4,,,,,,,,uploaded
00959,nexar,23.800,22.167,1,stage2/videos/nexar/00959.mp4,,,,,,,,uploaded
00047,nexar,19.567,18.400,1,stage2/videos/nexar/00047.mp4,,,,,,,,uploaded
00551,nexar,20.300,18.800,1,stage2/videos/nexar/00551.mp4,,,,,,,,uploaded
00549,nexar,19.400,18.700,1,stage2/videos/nexar/00549.mp4,,,,,,,,uploaded
00296,nexar,19.500,18.567,1,stage2/videos/nexar/00296.mp4,,,,,,,,uploaded
00096,nexar,20.487,19.699,1,stage2/videos/nexar/00096.mp4,,,,,,,,uploaded
00734,nexar,19.442,15.357,1,stage2/videos/nexar/00734.mp4,,,,,,,,uploaded
00480,nexar,20.123,18.425,1,stage2/videos/nexar/00480.mp4,,,,,,,,uploaded
00864,nexar,21.633,19.833,1,stage2/videos/nexar/00864.mp4,,,,,,,,uploaded
00674,nexar,19.536,17.903,1,stage2/videos/nexar/00674.mp4,,,,,,,,uploaded
00017,nexar,19.200,17.200,1,stage2/videos/nexar/00017.mp4,,,,,,,,uploaded
00935,nexar,19.608,15.795,1,stage2/videos/nexar/00935.mp4,,,,,,,,uploaded
00475,nexar,20.209,19.262,1,stage2/videos/nexar/00475.mp4,,,,,,,,uploaded
00188,nexar,20.052,19.477,1,stage2/videos/nexar/00188.mp4,,,,,,,,uploaded
00302,nexar,19.067,17.500,1,stage2/videos/nexar/00302.mp4,,,,,,,,uploaded
00634,nexar,19.900,18.567,1,stage2/videos/nexar/00634.mp4,,,,,,,,uploaded
00701,nexar,19.300,18.433,1,stage2/videos/nexar/00701.mp4,,,,,,,,uploaded
00637,nexar,19.867,18.667,1,stage2/videos/nexar/00637.mp4,,,,,,,,uploaded
00758,nexar,20.237,19.636,1,stage2/videos/nexar/00758.mp4,,,,,,,,uploaded
00163,nexar,18.758,17.613,1,stage2/videos/nexar/00163.mp4,,,,,,,,uploaded
00502,nexar,19.667,16.000,1,stage2/videos/nexar/00502.mp4,,,,,,,,uploaded
00652,nexar,18.967,18.433,1,stage2/videos/nexar/00652.mp4,,,,,,,,uploaded
00825,nexar,19.200,17.667,1,stage2/videos/nexar/00825.mp4,,,,,,,,uploaded
00119,nexar,17.365,16.107,1,stage2/videos/nexar/00119.mp4,,,,,,,,uploaded
00303,nexar,20.467,18.800,1,stage2/videos/nexar/00303.mp4,,,,,,,,uploaded
00929,nexar,18.467,16.033,1,stage2/videos/nexar/00929.mp4,,,,,,,,uploaded
01004,nexar,21.799,18.651,1,stage2/videos/nexar/01004.mp4,,,,,,,,uploaded
00288,nexar,18.919,17.873,1,stage2/videos/nexar/00288.mp4,,,,,,,,uploaded
00065,nexar,19.000,17.567,1,stage2/videos/nexar/00065.mp4,,,,,,,,uploaded
00782,nexar,10.126,7.161,1,stage2/videos/nexar/00782.mp4,,,,,,,,uploaded
00748,nexar,20.533,19.500,1,stage2/videos/nexar/00748.mp4,,,,,,,,uploaded
00364,nexar,20.427,19.447,1,stage2/videos/nexar/00364.mp4,,,,,,,,uploaded
00048,nexar,9.863,9.496,1,stage2/videos/nexar/00048.mp4,,,,,,,,uploaded
00210,nexar,19.700,19.033,1,stage2/videos/nexar/00210.mp4,,,,,,,,uploaded
00321,nexar,19.067,17.867,1,stage2/videos/nexar/00321.mp4,,,,,,,,uploaded
00426,nexar,19.989,19.401,1,stage2/videos/nexar/00426.mp4,,,,,,,,uploaded
00553,nexar,21.069,20.383,1,stage2/videos/nexar/00553.mp4,,,,,,,,uploaded
00916,nexar,19.364,16.785,1,stage2/videos/nexar/00916.mp4,,,,,,,,uploaded
00478,nexar,18.660,17.908,1,stage2/videos/nexar/00478.mp4,,,,,,,,uploaded
00944,nexar,10.296,8.897,1,stage2/videos/nexar/00944.mp4,,,,,,,,uploaded
00327,nexar,18.388,16.624,1,stage2/videos/nexar/00327.mp4,,,,,,,,uploaded
00187,nexar,20.380,20.347,1,stage2/videos/nexar/00187.mp4,,,,,,,,uploaded
00534,nexar,19.644,17.715,1,stage2/videos/nexar/00534.mp4,,,,,,,,uploaded
00686,nexar,19.567,18.533,1,stage2/videos/nexar/00686.mp4,,,,,,,,uploaded
00256,nexar,19.183,18.267,1,stage2/videos/nexar/00256.mp4,,,,,,,,uploaded
00452,nexar,19.800,18.367,1,stage2/videos/nexar/00452.mp4,,,,,,,,uploaded
00867,nexar,20.000,18.867,1,stage2/videos/nexar/00867.mp4,,,,,,,,uploaded
00554,nexar,20.182,18.288,1,stage2/videos/nexar/00554.mp4,,,,,,,,uploaded
00093,nexar,9.933,7.533,1,stage2/videos/nexar/00093.mp4,,,,,,,,uploaded
00860,nexar,20.433,19.900,1,stage2/videos/nexar/00860.mp4,,,,,,,,uploaded
00798,nexar,20.324,18.462,1,stage2/videos/nexar/00798.mp4,,,,,,,,uploaded
00971,nexar,20.533,18.200,1,stage2/videos/nexar/00971.mp4,,,,,,,,uploaded
01020,nexar,17.490,17.065,1,stage2/videos/nexar/01020.mp4,,,,,,,,uploaded
00222,nexar,20.033,18.600,1,stage2/videos/nexar/00222.mp4,,,,,,,,uploaded
00766,nexar,20.367,18.467,1,stage2/videos/nexar/00766.mp4,,,,,,,,uploaded
00259,nexar,19.430,18.483,1,stage2/videos/nexar/00259.mp4,,,,,,,,uploaded
00660,nexar,19.969,18.562,1,stage2/videos/nexar/00660.mp4,,,,,,,,uploaded
00687,nexar,18.981,17.053,1,stage2/videos/nexar/00687.mp4,,,,,,,,uploaded
00414,nexar,10.264,9.164,1,stage2/videos/nexar/00414.mp4,,,,,,,,uploaded
00725,nexar,19.833,18.633,1,stage2/videos/nexar/00725.mp4,,,,,,,,uploaded
00360,nexar,19.933,19.833,1,stage2/videos/nexar/00360.mp4,,,,,,,,uploaded
00803,nexar,10.565,7.899,1,stage2/videos/nexar/00803.mp4,,,,,,,,uploaded
00942,nexar,19.667,18.833,1,stage2/videos/nexar/00942.mp4,,,,,,,,uploaded
00233,nexar,19.433,18.167,1,stage2/videos/nexar/00233.mp4,,,,,,,,uploaded
00285,nexar,20.317,18.815,1,stage2/videos/nexar/00285.mp4,,,,,,,,uploaded
00839,nexar,20.153,19.119,1,stage2/videos/nexar/00839.mp4,,,,,,,,uploaded
00698,nexar,20.767,19.433,1,stage2/videos/nexar/00698.mp4,,,,,,,,uploaded
00905,nexar,10.657,8.859,1,stage2/videos/nexar/00905.mp4,,,,,,,,uploaded
00464,nexar,19.733,18.800,1,stage2/videos/nexar/00464.mp4,,,,,,,,uploaded
00787,nexar,20.900,19.400,1,stage2/videos/nexar/00787.mp4,,,,,,,,uploaded
00497,nexar,18.567,17.233,1,stage2/videos/nexar/00497.mp4,,,,,,,,uploaded
00485,nexar,19.200,17.000,1,stage2/videos/nexar/00485.mp4,,,,,,,,uploaded
00358,nexar,19.233,16.100,1,stage2/videos/nexar/00358.mp4,,,,,,,,uploaded
00792,nexar,20.433,18.267,1,stage2/videos/nexar/00792.mp4,,,,,,,,uploaded
00653,nexar,21.358,19.311,1,stage2/videos/nexar/00653.mp4,,,,,,,,uploaded
00566,nexar,21.654,20.384,1,stage2/videos/nexar/00566.mp4,,,,,,,,uploaded
00996,nexar,20.333,17.967,1,stage2/videos/nexar/00996.mp4,,,,,,,,uploaded
00912,nexar,19.632,18.554,1,stage2/videos/nexar/00912.mp4,,,,,,,,uploaded
00290,nexar,18.330,17.448,1,stage2/videos/nexar/00290.mp4,,,,,,,,uploaded
00169,nexar,19.903,18.742,1,stage2/videos/nexar/00169.mp4,,,,,,,,uploaded
00817,nexar,20.553,19.050,1,stage2/videos/nexar/00817.mp4,,,,,,,,uploaded
00028,nexar,19.929,17.740,1,stage2/videos/nexar/00028.mp4,,,,,,,,uploaded
00647,nexar,19.500,18.533,1,stage2/videos/nexar/00647.mp4,,,,,,,,uploaded
00521,nexar,20.710,18.984,1,stage2/videos/nexar/00521.mp4,,,,,,,,uploaded
00979,nexar,19.795,17.803,1,stage2/videos/nexar/00979.mp4,,,,,,,,uploaded
00850,nexar,21.233,18.967,1,stage2/videos/nexar/00850.mp4,,,,,,,,uploaded
00712,nexar,20.633,19.367,1,stage2/videos/nexar/00712.mp4,,,,,,,,uploaded
01034,nexar,18.267,17.100,1,stage2/videos/nexar/01034.mp4,,,,,,,,uploaded
00982,nexar,19.572,18.461,1,stage2/videos/nexar/00982.mp4,,,,,,,,uploaded
00952,nexar,19.448,18.630,1,stage2/videos/nexar/00952.mp4,,,,,,,,uploaded
00054,nexar,19.300,17.767,1,stage2/videos/nexar/00054.mp4,,,,,,,,uploaded
00003,nexar,19.233,16.900,1,stage2/videos/nexar/00003.mp4,,,,,,,,uploaded
00953,nexar,20.149,19.692,1,stage2/videos/nexar/00953.mp4,,,,,,,,uploaded
00008,nexar,19.267,19.233,1,stage2/videos/nexar/00008.mp4,,,,,,,,uploaded
00964,nexar,20.467,19.100,1,stage2/videos/nexar/00964.mp4,,,,,,,,uploaded
00663,nexar,18.677,17.727,1,stage2/videos/nexar/00663.mp4,,,,,,,,uploaded
00542,nexar,19.471,16.727,1,stage2/videos/nexar/00542.mp4,,,,,,,,uploaded
00804,nexar,18.733,18.533,1,stage2/videos/nexar/00804.mp4,,,,,,,,uploaded
00696,nexar,20.211,17.240,1,stage2/videos/nexar/00696.mp4,,,,,,,,uploaded
00794,nexar,20.905,19.631,1,stage2/videos/nexar/00794.mp4,,,,,,,,uploaded
00328,nexar,19.355,18.613,1,stage2/videos/nexar/00328.mp4,,,,,,,,uploaded
00433,nexar,21.800,18.967,1,stage2/videos/nexar/00433.mp4,,,,,,,,uploaded
00625,nexar,19.479,18.128,1,stage2/videos/nexar/00625.mp4,,,,,,,,uploaded
00757,nexar,19.967,17.500,1,stage2/videos/nexar/00757.mp4,,,,,,,,uploaded
00560,nexar,19.312,18.936,1,stage2/videos/nexar/00560.mp4,,,,,,,,uploaded
00574,nexar,19.567,17.248,1,stage2/videos/nexar/00574.mp4,,,,,,,,uploaded
00081,nexar,18.667,18.533,1,stage2/videos/nexar/00081.mp4,,,,,,,,uploaded
00914,nexar,20.320,18.850,1,stage2/videos/nexar/00914.mp4,,,,,,,,uploaded
00750,nexar,21.025,19.426,1,stage2/videos/nexar/00750.mp4,,,,,,,,uploaded
00753,nexar,21.100,19.333,1,stage2/videos/nexar/00753.mp4,,,,,,,,uploaded
00613,nexar,10.033,8.533,1,stage2/videos/nexar/00613.mp4,,,,,,,,uploaded
00383,nexar,3.032,1.966,1,stage2/videos/nexar/00383.mp4,,,,,,,,uploaded
00481,nexar,19.200,18.567,1,stage2/videos/nexar/00481.mp4,,,,,,,,uploaded
00415,nexar,20.333,18.967,1,stage2/videos/nexar/00415.mp4,,,,,,,,uploaded
00840,nexar,19.033,18.067,1,stage2/videos/nexar/00840.mp4,,,,,,,,uploaded
00585,nexar,19.100,18.400,1,stage2/videos/nexar/00585.mp4,,,,,,,,uploaded
00114,nexar,20.000,18.367,1,stage2/videos/nexar/00114.mp4,,,,,,,,uploaded
00930,nexar,20.100,17.867,1,stage2/videos/nexar/00930.mp4,,,,,,,,uploaded
00162,nexar,19.983,19.950,1,stage2/videos/nexar/00162.mp4,,,,,,,,uploaded
00592,nexar,20.200,19.333,1,stage2/videos/nexar/00592.mp4,,,,,,,,uploaded
00780,nexar,19.967,16.900,1,stage2/videos/nexar/00780.mp4,,,,,,,,uploaded
00200,nexar,19.132,17.206,1,stage2/videos/nexar/00200.mp4,,,,,,,,uploaded
00356,nexar,10.199,8.999,1,stage2/videos/nexar/00356.mp4,,,,,,,,uploaded
00362,nexar,10.195,8.330,1,stage2/videos/nexar/00362.mp4,,,,,,,,uploaded
00874,nexar,20.425,18.693,1,stage2/videos/nexar/00874.mp4,,,,,,,,uploaded
00174,nexar,20.000,19.000,1,stage2/videos/nexar/00174.mp4,,,,,,,,uploaded
00239,nexar,7.833,7.367,1,stage2/videos/nexar/00239.mp4,,,,,,,,uploaded
00659,nexar,11.789,10.842,1,stage2/videos/nexar/00659.mp4,,,,,,,,uploaded
00945,nexar,18.740,17.857,1,stage2/videos/nexar/00945.mp4,,,,,,,,uploaded
00213,nexar,18.719,16.016,1,stage2/videos/nexar/00213.mp4,,,,,,,,uploaded
00888,nexar,9.861,8.729,1,stage2/videos/nexar/00888.mp4,,,,,,,,uploaded
00353,nexar,19.850,19.600,1,stage2/videos/nexar/00353.mp4,,,,,,,,uploaded
01008,nexar,11.699,9.132,1,stage2/videos/nexar/01008.mp4,,,,,,,,uploaded
00879,nexar,19.933,16.900,1,stage2/videos/nexar/00879.mp4,,,,,,,,uploaded
00207,nexar,18.400,15.433,1,stage2/videos/nexar/00207.mp4,,,,,,,,uploaded
00842,nexar,20.045,18.667,1,stage2/videos/nexar/00842.mp4,,,,,,,,uploaded
00973,nexar,12.524,9.227,1,stage2/videos/nexar/00973.mp4,,,,,,,,uploaded
00954,nexar,19.333,17.033,1,stage2/videos/nexar/00954.mp4,,,,,,,,uploaded
00733,nexar,15.194,11.469,1,stage2/videos/nexar/00733.mp4,,,,,,,,uploaded
00597,nexar,10.133,8.500,1,stage2/videos/nexar/00597.mp4,,,,,,,,uploaded
00896,nexar,19.600,18.300,1,stage2/videos/nexar/00896.mp4,,,,,,,,uploaded
00684,nexar,18.357,17.382,1,stage2/videos/nexar/00684.mp4,,,,,,,,uploaded
00544,nexar,21.455,20.354,1,stage2/videos/nexar/00544.mp4,,,,,,,,uploaded
00883,nexar,10.629,8.363,1,stage2/videos/nexar/00883.mp4,,,,,,,,uploaded
00170,nexar,21.133,20.000,1,stage2/videos/nexar/00170.mp4,,,,,,,,uploaded
00648,nexar,20.133,16.833,1,stage2/videos/nexar/00648.mp4,,,,,,,,uploaded
00710,nexar,19.917,17.566,1,stage2/videos/nexar/00710.mp4,,,,,,,,uploaded
00505,nexar,17.700,16.967,1,stage2/videos/nexar/00505.mp4,,,,,,,,uploaded
00989,nexar,20.900,18.500,1,stage2/videos/nexar/00989.mp4,,,,,,,,uploaded
00610,nexar,21.068,18.431,1,stage2/videos/nexar/00610.mp4,,,,,,,,uploaded
00382,nexar,18.258,17.290,1,stage2/videos/nexar/00382.mp4,,,,,,,,uploaded
00501,nexar,20.296,18.077,1,stage2/videos/nexar/00501.mp4,,,,,,,,uploaded
00074,nexar,20.233,18.967,1,stage2/videos/nexar/00074.mp4,,,,,,,,uploaded
00236,nexar,9.597,8.898,1,stage2/videos/nexar/00236.mp4,,,,,,,,uploaded
00510,nexar,18.633,17.500,1,stage2/videos/nexar/00510.mp4,,,,,,,,uploaded
00086,nexar,19.400,15.900,1,stage2/videos/nexar/00086.mp4,,,,,,,,uploaded
00326,nexar,19.667,19.400,1,stage2/videos/nexar/00326.mp4,,,,,,,,uploaded
00266,nexar,20.667,18.933,1,stage2/videos/nexar/00266.mp4,,,,,,,,uploaded
00463,nexar,20.433,19.333,1,stage2/videos/nexar/00463.mp4,,,,,,,,uploaded
00218,nexar,19.650,19.267,1,stage2/videos/nexar/00218.mp4,,,,,,,,uploaded
00389,nexar,17.700,17.400,1,stage2/videos/nexar/00389.mp4,,,,,,,,uploaded
00420,nexar,19.863,19.830,1,stage2/videos/nexar/00420.mp4,,,,,,,,uploaded
00332,nexar,5.833,5.333,1,stage2/videos/nexar/00332.mp4,,,,,,,,uploaded
00157,nexar,19.294,17.596,1,stage2/videos/nexar/00157.mp4,,,,,,,,uploaded
00076,nexar,19.900,17.800,1,stage2/videos/nexar/00076.mp4,,,,,,,,uploaded
00550,nexar,20.100,18.767,1,stage2/videos/nexar/00550.mp4,,,,,,,,uploaded
00394,nexar,19.532,18.097,1,stage2/videos/nexar/00394.mp4,,,,,,,,uploaded
00199,nexar,9.225,7.726,1,stage2/videos/nexar/00199.mp4,,,,,,,,uploaded
00025,nexar,20.033,18.467,1,stage2/videos/nexar/00025.mp4,,,,,,,,uploaded
00422,nexar,20.048,18.546,1,stage2/videos/nexar/00422.mp4,,,,,,,,uploaded
00309,nexar,19.233,18.433,1,stage2/videos/nexar/00309.mp4,,,,,,,,uploaded
00271,nexar,49.633,48.200,1,stage2/videos/nexar/00271.mp4,,,,,,,,uploaded
00272,nexar,20.539,18.871,1,stage2/videos/nexar/00272.mp4,,,,,,,,uploaded
00062,nexar,18.867,17.800,1,stage2/videos/nexar/00062.mp4,,,,,,,,uploaded
00537,nexar,20.418,19.699,1,stage2/videos/nexar/00537.mp4,,,,,,,,uploaded
00253,nexar,22.377,21.038,1,stage2/videos/nexar/00253.mp4,,,,,,,,uploaded
00250,nexar,9.160,7.661,1,stage2/videos/nexar/00250.mp4,,,,,,,,uploaded
00397,nexar,19.533,18.267,1,stage2/videos/nexar/00397.mp4,,,,,,,,uploaded
00127,nexar,18.117,16.419,1,stage2/videos/nexar/00127.mp4,,,,,,,,uploaded
00530,nexar,9.664,9.098,1,stage2/videos/nexar/00530.mp4,,,,,,,,uploaded
00007,nexar,21.200,19.500,1,stage2/videos/nexar/00007.mp4,,,,,,,,uploaded
00273,nexar,20.533,19.400,1,stage2/videos/nexar/00273.mp4,,,,,,,,uploaded
00183,nexar,19.467,17.800,1,stage2/videos/nexar/00183.mp4,,,,,,,,uploaded
00265,nexar,20.433,18.067,1,stage2/videos/nexar/00265.mp4,,,,,,,,uploaded
00428,nexar,16.867,15.467,1,stage2/videos/nexar/00428.mp4,,,,,,,,uploaded
00474,nexar,19.900,18.233,1,stage2/videos/nexar/00474.mp4,,,,,,,,uploaded
00118,nexar,20.333,19.400,1,stage2/videos/nexar/00118.mp4,,,,,,,,uploaded
00406,nexar,9.496,8.530,1,stage2/videos/nexar/00406.mp4,,,,,,,,uploaded
00121,nexar,19.300,18.733,1,stage2/videos/nexar/00121.mp4,,,,,,,,uploaded
00192,nexar,19.500,17.567,1,stage2/videos/nexar/00192.mp4,,,,,,,,uploaded
00486,nexar,9.561,7.896,1,stage2/videos/nexar/00486.mp4,,,,,,,,uploaded
00454,nexar,19.133,16.933,1,stage2/videos/nexar/00454.mp4,,,,,,,,uploaded
00104,nexar,20.783,20.133,1,stage2/videos/nexar/00104.mp4,,,,,,,,uploaded
00043,nexar,9.263,8.863,1,stage2/videos/nexar/00043.mp4,,,,,,,,uploaded
00055,nexar,19.133,17.800,1,stage2/videos/nexar/00055.mp4,,,,,,,,uploaded
00112,nexar,18.967,17.433,1,stage2/videos/nexar/00112.mp4,,,,,,,,uploaded
00413,nexar,20.033,18.100,1,stage2/videos/nexar/00413.mp4,,,,,,,,uploaded
00242,nexar,20.567,19.433,1,stage2/videos/nexar/00242.mp4,,,,,,,,uploaded
00541,nexar,20.100,19.067,1,stage2/videos/nexar/00541.mp4,,,,,,,,uploaded
00325,nexar,19.417,18.300,1,stage2/videos/nexar/00325.mp4,,,,,,,,uploaded
00479,nexar,20.515,19.618,1,stage2/videos/nexar/00479.mp4,,,,,,,,uploaded
00472,nexar,19.667,18.800,1,stage2/videos/nexar/00472.mp4,,,,,,,,uploaded
00523,nexar,20.300,18.133,1,stage2/videos/nexar/00523.mp4,,,,,,,,uploaded
00227,nexar,20.067,18.767,1,stage2/videos/nexar/00227.mp4,,,,,,,,uploaded
00154,nexar,20.333,17.367,1,stage2/videos/nexar/00154.mp4,,,,,,,,uploaded
00447,nexar,10.195,8.929,1,stage2/videos/nexar/00447.mp4,,,,,,,,uploaded
00500,nexar,19.933,18.633,1,stage2/videos/nexar/00500.mp4,,,,,,,,uploaded
00519,nexar,19.567,19.033,1,stage2/videos/nexar/00519.mp4,,,,,,,,uploaded
00262,nexar,17.900,13.933,1,stage2/videos/nexar/00262.mp4,,,,,,,,uploaded
00391,nexar,19.867,19.267,1,stage2/videos/nexar/00391.mp4,,,,,,,,uploaded
00533,nexar,19.767,17.267,1,stage2/videos/nexar/00533.mp4,,,,,,,,uploaded
