id,motion,visual,fusion,temporal,refinement,aux,train_crop_f1,train_full_f1,val_f1,gap_full,val_acc_f1,val_steer_f1,val_accelerating,val_decelerating,val_constant,val_stopped,val_left,val_right,val_straight,accel_mae,speed_mae,steer_mae,val_loss,params,train_vram_mb,eval_ms_per_frame,best_epoch,epochs,train_minutes
A1_refinement,baseline,none,concat,tcn,yes,base,0.6816884564228325,0.6753159357226132,0.6873041204985493,-0.011988184775936106,0.6137008829589765,0.8590450080908859,0.3957972520494169,0.44947992394586733,0.6639814075510437,0.9455449482895784,0.8207897401282483,0.7961934206077002,0.9601518635367092,0.3382793664932251,2.2383389472961426,6.761162281036377,6.099056073012782,1395757,5811.3779296875,0.7301160134635875,20,20,97.18386169672013
B1_multiscale,multiscale,none,concat,tcn,no,base,0.6931419307503427,0.6949546732771328,0.7086506846539388,-0.013696011376805983,0.6466676299478723,0.8532778123014273,0.44413692974297314,0.515170043644184,0.6762455327452513,0.9511180136590806,0.8114844461486843,0.7894328647600581,0.9589161259955391,0.3217981457710266,2.173823833465576,6.814249038696289,4.027913435845927,1167206,7148.67578125,0.7192266174750678,20,20,75.49054750204087
C1_ms_gated,multiscale,none,gated,tcn,no,base,0.6904388130999008,0.7001865728575934,0.7123667633440964,-0.012180190486502984,0.6510198684526576,0.8555095180907873,0.4836581836752064,0.49447892845475333,0.6765941086004968,0.9493482530801738,0.8182296399024437,0.7881787884728485,0.9601201258970701,0.3219539225101471,2.187753438949585,6.826535701751709,4.0587017505465655,1175783,7147.80859375,0.749146729229917,20,20,78.21467352708181
C2_ms_cross_attention,multiscale,none,cross_attention,tcn,no,base,0.6921601146900043,0.6965570124704226,0.7103803433055906,-0.013823330835168068,0.6496570507267079,0.8520680259896504,0.46805846412919105,0.5037419244792222,0.6748683198200864,0.951959494478332,0.8091353996737357,0.788783223603999,0.9582854546912162,0.3263297379016876,2.1119112968444824,6.829366683959961,4.031631212889381,1303654,7152.4443359375,0.7315606214553019,20,20,81.72650029659272
E1_dual_tcn,baseline,none,concat,dual_tcn,no,base,0.7152038788437773,0.7292100348510313,0.7430316391438228,-0.013821604292791445,0.6927851141843521,0.8602735307159212,0.5684393383078684,0.5637029878392527,0.6894080729390275,0.9495900576512597,0.8224611708482676,0.7980481205913614,0.9603113007081342,0.29246366024017334,2.0677435398101807,6.680689811706543,3.9080298842278673,1516391,5813.18603515625,1.8844932229791012,20,20,87.45777164697647
E2_bissm,baseline,none,concat,ssm,no,base,0.7010765842779766,0.7345982645648508,0.7467974218457464,-0.0121991572808956,0.697396239658413,0.8620668469495243,0.578355314197052,0.5814821798981709,0.6832274904253502,0.9465199741130788,0.8336871250576834,0.7939935580456381,0.9585198577452514,0.3164486289024353,4.471219062805176,6.835522174835205,4.512191983251612,1090151,5798.80712890625,1.3640901478716527,20,20,147.97220497528713
E3_tcn_ssm,baseline,none,concat,tcn_ssm,no,base,0.7119360383535427,0.742844007335866,0.7613376030523898,-0.01849359571652387,0.7113598516341205,0.877952356361685,0.6196304808737327,0.5894223263075722,0.6878582077190658,0.9485283916361114,0.8308422301304863,0.8381411742880994,0.9648736646664693,0.2973160743713379,2.761390209197998,6.490053176879883,3.9523822504051767,1880679,5815.482421875,1.2344187776642226,20,20,150.0385272304217
H1_waft_a2_40ep,baseline,none,concat,tcn,no,base,0.7195753253658408,0.7319690937643908,0.7403267413619877,-0.00835764759759694,0.6831849037943158,0.8736576956865556,0.5359353860030339,0.5635890405515488,0.6836449536043477,0.9495702350183326,0.8425348280876214,0.8159699389384688,0.9624683200335767,0.3006369471549988,1.9284497499465942,5.709861755371094,3.3554759941387586,1105511,5798.79150390625,1.3272534939822371,40,40,395.4284070690473
V1_baseline_40ep,baseline,none,concat,tcn,no,base,0.7207194415821396,0.7296692494574681,0.7412515714401526,-0.011582321982684496,0.6845375421439921,0.8735843064645273,0.543659401926001,0.5577644710578842,0.682570993169494,0.9541553024225894,0.8391692492714742,0.8194568225526525,0.9621268475694557,0.2986275553703308,1.7302263975143433,6.09096622467041,3.5350047078767046,1105511,5806.91650390625,0.740533990080988,40,40,159.36049170891445
stage3_v1_baseline,baseline,none,concat,tcn,no,base,0.688107151820702,0.6933894484980401,0.7024585523258833,-0.009069103827843206,0.6348695945450301,0.8601661204812077,0.43840056837103974,0.48217732595547547,0.6673206154927309,0.9515798683608742,0.8205497885428681,0.7997318264534048,0.9602167464473501,0.3314014673233032,2.2369179725646973,6.7535271644592285,4.029645072544081,1105511,5806.91650390625,0.812835842832098,20,20,80.2614422082901
